Date,Invest,P/L,label,label_100,label_150,label_200,label_250
20160105,1025,190,1,1,1,0,0
20160106,960,255,1,1,1,1,1
20160107,1025,15,1,0,0,0,0
20160108,1135,215,1,1,1,1,0
20160112,1105,245,1,1,1,1,0
20160113,1055,295,1,1,1,1,1
20160114,1135,90,1,0,0,0,0
20160115,1030,320,1,1,1,1,1
20160118,1190,-110,0,0,0,0,0
20160119,1120,115,1,1,0,0,0
20160120,1045,220,1,1,1,1,0
20160121,1180,170,1,1,1,0,0
20160122,1255,145,1,1,0,0,0
20160125,1195,-290,0,0,0,0,0
20160126,1105,55,1,0,0,0,0
20160127,1095,15,1,0,0,0,0
20160128,1090,20,1,0,0,0,0
20160129,1080,-175,0,0,0,0,0
20160201,775,69,1,0,0,0,0
20160202,1180,130,1,1,0,0,0
20160203,1230,150,1,1,1,0,0
20160204,1230,545,1,1,1,1,1
20160210,1380,200,1,1,1,1,0
20160212,1420,-95,0,0,0,0,0
20160215,1380,120,1,1,0,0,0
20160216,1270,-335,0,0,0,0,0
20160217,1150,-310,0,0,0,0,0
20160218,1095,-270,0,0,0,0,0
20160219,1120,-355,0,0,0,0,0
20160222,1075,-420,0,0,0,0,0
20160223,880,-90,0,0,0,0,0
20160224,960,60,1,0,0,0,0
20160225,865,165,1,1,1,0,0
20160226,785,0,0,0,0,0,0
20160229,700,30,1,0,0,0,0
20160301,660,370,1,1,1,1,1
20160307,1050,-170,0,0,0,0,0
20160309,1070,-20,0,0,0,0,0
20160310,1040,-330,0,0,0,0,0
20160311,1075,-25,0,0,0,0,0
20160315,890,-235,0,0,0,0,0
20160316,785,-245,0,0,0,0,0
20160317,690,-180,0,0,0,0,0
20160318,705,-205,0,0,0,0,0
20160322,650,-195,0,0,0,0,0
20160323,575,-115,0,0,0,0,0
20160324,575,-150,0,0,0,0,0
20160325,560,241,1,1,1,1,0
20160328,515,489,1,1,1,1,1
20160329,500,440,1,1,1,1,1
20160401,905,180,1,1,1,0,0
20160404,1045,-150,0,0,0,0,0
20160405,1025,-145,0,0,0,0,0
20160406,1060,315,1,1,1,1,1
20160407,1010,325,1,1,1,1,1
20160408,1045,25,1,0,0,0,0
20160411,980,355,1,1,1,1,1
20160412,925,410,1,1,1,1,1
20160413,865,240,1,1,1,1,0
20160414,870,265,1,1,1,1,1
20160415,885,220,1,1,1,1,0
20160418,945,115,1,1,0,0,0
20160419,895,240,1,1,1,1,0
20160420,915,160,1,1,1,0,0
20160421,940,139,1,1,0,0,0
20160422,940,380,1,1,1,1,1
20160425,895,672,1,1,1,1,1
20160426,875,498,1,1,1,1,1
20160427,850,523,1,1,1,1,1
20160428,1220,380,1,1,1,1,1
20160506,1045,0,0,0,0,0,0
20160509,995,50,1,0,0,0,0
20160510,890,0,0,0,0,0,0
20160511,865,-85,0,0,0,0,0
20160512,880,-140,0,0,0,0,0
20160513,835,-140,0,0,0,0,0
20160516,835,-195,0,0,0,0,0
20160517,795,-205,0,0,0,0,0
20160518,780,-80,0,0,0,0,0
20160519,770,-200,0,0,0,0,0
20160520,730,-110,0,0,0,0,0
20160523,670,-5,0,0,0,0,0
20160524,625,50,1,0,0,0,0
20160525,590,-140,0,0,0,0,0
20160526,580,-180,0,0,0,0,0
20160527,565,24,1,0,0,0,0
20160530,515,184,1,1,1,0,0
20160531,495,204,1,1,1,1,0
20160602,1040,-180,0,0,0,0,0
20160606,995,60,1,0,0,0,0
20160607,935,120,1,1,0,0,0
20160608,930,305,1,1,1,1,1
20160609,895,340,1,1,1,1,1
20160610,875,180,1,1,1,0,0
20160613,895,160,1,1,1,0,0
20160614,965,-55,0,0,0,0,0
20160615,975,70,1,0,0,0,0
20160616,1010,-185,0,0,0,0,0
20160617,955,140,1,1,0,0,0
20160620,905,60,1,0,0,0,0
20160621,875,90,1,0,0,0,0
20160622,870,180,1,1,1,0,0
20160623,940,110,1,1,0,0,0
20160627,865,-125,0,0,0,0,0
20160628,760,-20,0,0,0,0,0
20160629,1175,-135,0,0,0,0,0
20160630,1130,-115,0,0,0,0,0
20160701,1065,-70,0,0,0,0,0
20160704,1050,70,1,0,0,0,0
20160705,1000,200,1,1,1,1,0
20160707,1050,100,1,1,0,0,0
20160708,1015,135,1,1,0,0,0
20160711,1005,145,1,1,0,0,0
20160712,1010,55,1,0,0,0,0
20160713,1045,5,1,0,0,0,0
20160714,1025,75,1,0,0,0,0
20160715,975,-90,0,0,0,0,0
20160719,955,-65,0,0,0,0,0
20160720,925,-65,0,0,0,0,0
20160721,955,-165,0,0,0,0,0
20160725,890,-390,0,0,0,0,0
20160726,865,-335,0,0,0,0,0
20160727,895,-410,0,0,0,0,0
20160729,910,-570,0,0,0,0,0
20160801,590,-257,0,0,0,0,0
20160803,915,-90,0,0,0,0,0
20160804,875,-15,0,0,0,0,0
20160808,755,-135,0,0,0,0,0
20160809,700,-110,0,0,0,0,0
20160810,675,-100,0,0,0,0,0
20160812,645,-90,0,0,0,0,0
20160815,625,-35,0,0,0,0,0
20160817,575,-105,0,0,0,0,0
20160818,565,-65,0,0,0,0,0
20160819,565,-70,0,0,0,0,0
20160822,530,-110,0,0,0,0,0
20160823,500,-10,0,0,0,0,0
20160824,485,50,1,0,0,0,0
20160825,460,-15,0,0,0,0,0
20160826,470,183,1,1,1,0,0
20160829,430,100,1,1,0,0,0
20160830,400,-138,0,0,0,0,0
20160906,920,-90,0,0,0,0,0
20160907,925,-45,0,0,0,0,0
20160908,870,30,1,0,0,0,0
20160909,830,85,1,0,0,0,0
20160912,830,-220,0,0,0,0,0
20160913,780,-270,0,0,0,0,0
20160915,785,-290,0,0,0,0,0
20160916,765,-300,0,0,0,0,0
20160920,745,-195,0,0,0,0,0
20160921,735,-275,0,0,0,0,0
20160923,565,-160,0,0,0,0,0
20160926,500,-135,0,0,0,0,0
20160927,520,20,1,0,0,0,0
20160928,475,37,1,0,0,0,0
20160929,430,-55,0,0,0,0,0
20160930,460,28,1,0,0,0,0
20161003,400,-92,0,0,0,0,0
20161005,770,-80,0,0,0,0,0
20161006,780,-175,0,0,0,0,0
20161011,735,-145,0,0,0,0,0
20161012,705,-65,0,0,0,0,0
20161013,685,-65,0,0,0,0,0
20161014,700,20,1,0,0,0,0
20161017,630,111.78,1,1,0,0,0
20161018,600,121.78,1,1,0,0,0
20161019,565,-15,0,0,0,0,0
20161020,545,60,1,0,0,0,0
20161021,525,-75,0,0,0,0,0
20161024,500,-50,0,0,0,0,0
20161025,490,-10,0,0,0,0,0
20161026,465,70,1,0,0,0,0
20161027,435,35,1,0,0,0,0
20161028,420,55,1,0,0,0,0
20161031,420,-80,0,0,0,0,0
20161102,805,-70,0,0,0,0,0
20161104,880,50,1,0,0,0,0
20161108,810,-75,0,0,0,0,0
20161109,750,-15,0,0,0,0,0
20161110,945,100,1,1,0,0,0
20161111,705,90,1,0,0,0,0
20161114,700,110,1,1,0,0,0
20161115,710,45,1,0,0,0,0
20161116,660,55,1,0,0,0,0
20161117,660,90,1,0,0,0,0
20161118,620,-60,0,0,0,0,0
20161121,575,-45,0,0,0,0,0
20161122,530,95,1,0,0,0,0
20161124,500,-50,0,0,0,0,0
20161125,485,-140,0,0,0,0,0
20161128,485,-160,0,0,0,0,0
20161129,470,-171,0,0,0,0,0
20161201,880,-45,0,0,0,0,0
20161205,850,235,1,1,1,1,0
20161206,820,210,1,1,1,1,0
20161207,805,280,1,1,1,1,1
20161208,780,200,1,1,1,1,0
20161209,765,70,1,0,0,0,0
20161212,825,-145,0,0,0,0,0
20161213,770,-110,0,0,0,0,0
20161214,730,-155,0,0,0,0,0
20161215,680,-200,0,0,0,0,0
20161216,675,-200,0,0,0,0,0
20161219,650,-180,0,0,0,0,0
20161220,620,-135,0,0,0,0,0
20161221,570,60,1,0,0,0,0
20161222,560,-80,0,0,0,0,0
20161226,495,-35,0,0,0,0,0
20161227,465,-115,0,0,0,0,0
20161228,470,-180,0,0,0,0,0
20161229,480,-200,0,0,0,0,0
20161230,995,71.09,1,0,0,0,0
20170104,930,-230,0,0,0,0,0
20170110,830,0,0,0,0,0,0
20170111,790,40,1,0,0,0,0
20170112,795,-40,0,0,0,0,0
20170113,720,-80,0,0,0,0,0
20170116,665,15,1,0,0,0,0
20170117,680,-105,0,0,0,0,0
20170118,715,25,1,0,0,0,0
20170120,675,-115,0,0,0,0,0
20170123,630,50,1,0,0,0,0
20170124,605,136.09,1,1,0,0,0
20170125,560,-155,0,0,0,0,0
20170126,530,-120,0,0,0,0,0
20170127,515,144,1,1,0,0,0
20170131,470,-218,0,0,0,0,0
20170203,865,-85,0,0,0,0,0
20170207,835,70,1,0,0,0,0
20170208,755,75,1,0,0,0,0
20170209,715,115,1,1,0,0,0
20170210,685,-135,0,0,0,0,0
20170213,695,-160,0,0,0,0,0
20170214,650,-160,0,0,0,0,0
20170215,610,-140,0,0,0,0,0
20170216,580,-95,0,0,0,0,0
20170217,585,-125,0,0,0,0,0
20170220,545,-100,0,0,0,0,0
20170221,515,-65,0,0,0,0,0
20170222,495,-70,0,0,0,0,0
20170223,470,-135,0,0,0,0,0
20170224,470,-145,0,0,0,0,0
20170227,450,-136,0,0,0,0,0
20170228,430,-235,0,0,0,0,0
20170301,905,-180,0,0,0,0,0
20170302,880,-160,0,0,0,0,0
20170303,845,-155,0,0,0,0,0
20170306,835,-150,0,0,0,0,0
20170307,770,-105,0,0,0,0,0
20170308,755,-140,0,0,0,0,0
20170310,705,-120,0,0,0,0,0
20170313,690,85,1,0,0,0,0
20170315,665,-40,0,0,0,0,0
20170316,650,75,1,0,0,0,0
20170317,585,5,1,0,0,0,0
20170321,560,-90,0,0,0,0,0
20170322,580,-125,0,0,0,0,0
20170323,595,-115,0,0,0,0,0
20170324,590,-190,0,0,0,0,0
20170327,555,-135,0,0,0,0,0
20170328,525,-110,0,0,0,0,0
20170329,480,241,1,1,1,1,0
20170330,450,74,1,0,0,0,0
20170403,435,-101,0,0,0,0,0
20170404,400,-25,0,0,0,0,0
20170406,840,-10,0,0,0,0,0
20170407,810,15,1,0,0,0,0
20170410,820,5,1,0,0,0,0
20170412,855,-175,0,0,0,0,0
20170413,860,-125,0,0,0,0,0
20170414,790,-140,0,0,0,0,0
20170417,795,90,1,0,0,0,0
20170418,710,143,1,1,0,0,0
20170419,715,25,1,0,0,0,0
20170420,670,179,1,1,1,0,0
20170421,695,-10,0,0,0,0,0
20170424,575,76,1,0,0,0,0
20170425,430,491,1,1,1,1,1
20170426,430,313,1,1,1,1,1
20170427,385,318,1,1,1,1,1
20170428,710,130,1,1,0,0,0
20170502,660,110,1,1,0,0,0
20170508,615,-90,0,0,0,0,0
20170509,600,-100,0,0,0,0,0
20170510,600,0,0,0,0,0,0
20170511,555,85,1,0,0,0,0
20170512,535,-25,0,0,0,0,0
20170515,525,-100,0,0,0,0,0
20170516,495,-65,0,0,0,0,0
20170517,505,-110,0,0,0,0,0
20170518,570,-155,0,0,0,0,0
20170519,530,-165,0,0,0,0,0
20170522,475,-155,0,0,0,0,0
20170523,445,-160,0,0,0,0,0
20170524,400,-120,0,0,0,0,0
20170525,385,68,1,0,0,0,0
20170526,360,148,1,1,0,0,0
20170529,340,-60,0,0,0,0,0
20170530,325,58,1,0,0,0,0
20170601,665,-20,0,0,0,0,0
20170602,675,-90,0,0,0,0,0
20170606,670,-115,0,0,0,0,0
20170607,665,-120,0,0,0,0,0
20170608,665,-160,0,0,0,0,0
20170609,635,-155,0,0,0,0,0
20170612,605,-45,0,0,0,0,0
20170613,575,-45,0,0,0,0,0
20170614,535,-55,0,0,0,0,0
20170615,535,-50,0,0,0,0,0
20170616,535,-2.25,0,0,0,0,0
20170619,485,-40,0,0,0,0,0
20170620,465,-95,0,0,0,0,0
20170621,455,-95,0,0,0,0,0
20170622,460,-45,0,0,0,0,0
20170623,440,-95,0,0,0,0,0
20170626,405,-90,0,0,0,0,0
20170627,385,15,1,0,0,0,0
20170628,380,-65,0,0,0,0,0
20170629,355,93,1,0,0,0,0
20170630,385,-150,0,0,0,0,0
20170703,390,-180,0,0,0,0,0
20170704,325,-133,0,0,0,0,0
20170705,660,-165,0,0,0,0,0
20170707,685,-225,0,0,0,0,0
20170710,610,-225,0,0,0,0,0
20170711,545,-180,0,0,0,0,0
20170712,515,-160,0,0,0,0,0
20170713,490,-105,0,0,0,0,0
20170714,465,-140,0,0,0,0,0
20170718,420,-125,0,0,0,0,0
20170719,420,-105,0,0,0,0,0
20170720,390,-90,0,0,0,0,0
20170721,355,-50,0,0,0,0,0
20170724,360,-105,0,0,0,0,0
20170725,330,-85,0,0,0,0,0
20170726,310,-100,0,0,0,0,0
20170727,305,-120,0,0,0,0,0
20170728,300,-143,0,0,0,0,0
20170731,330,-110,0,0,0,0,0
20170801,555,-60,0,0,0,0,0
20170802,510,-10,0,0,0,0,0
20170804,480,-20,0,0,0,0,0
20170807,480,140,1,1,0,0,0
20170808,440,245,1,1,1,1,0
20170809,495,80,1,0,0,0,0
20170810,530,-15,0,0,0,0,0
20170814,620,-190,0,0,0,0,0
20170815,510,-115,0,0,0,0,0
20170816,480,0,0,0,0,0,0
20170817,445,-10,0,0,0,0,0
20170818,535,-215,0,0,0,0,0
20170821,490,-125,0,0,0,0,0
20170822,460,-125,0,0,0,0,0
20170823,395,-90,0,0,0,0,0
20170824,410,9,1,0,0,0,0
20170825,390,-50,0,0,0,0,0
20170828,340,-110,0,0,0,0,0
20170829,340,-150,0,0,0,0,0
20170830,660,10,1,0,0,0,0
20170831,660,40,1,0,0,0,0
20170904,680,-170,0,0,0,0,0
20170905,655,-95,0,0,0,0,0
20170906,715,0,0,0,0,0,0
20170907,650,-65,0,0,0,0,0
20170908,670,45,1,0,0,0,0
20170911,600,90,1,0,0,0,0
20170912,525,105,1,1,0,0,0
20170913,500,150,1,1,1,0,0
20170914,480,170,1,1,1,0,0
20170915,495,135,1,1,0,0,0
20170919,465,-55,0,0,0,0,0
20170920,455,-85,0,0,0,0,0
20170921,465,-110,0,0,0,0,0
20170922,395,-95,0,0,0,0,0
20170925,410,-100,0,0,0,0,0
20170927,385,51,1,0,0,0,0
20170928,365,15,1,0,0,0,0
20170929,340,76,1,0,0,0,0
20171002,325,197,1,1,1,0,0
20171003,680,105,1,1,0,0,0
20171004,690,-10,0,0,0,0,0
20171005,650,275,1,1,1,1,1
20171006,640,195,1,1,1,0,0
20171011,610,240,1,1,1,1,0
20171012,630,90,1,0,0,0,0
20171013,600,215,1,1,1,1,0
20171016,650,30,1,0,0,0,0
20171017,620,15,1,0,0,0,0
20171018,560,130,1,1,0,0,0
20171019,535,-5,0,0,0,0,0
20171020,535,155,1,1,1,0,0
20171023,520,-125,0,0,0,0,0
20171024,455,344,1,1,1,1,1
20171025,465,178,1,1,1,0,0
20171026,450,349,1,1,1,1,1
20171027,405,300,1,1,1,1,1
20171030,410,256,1,1,1,1,1
20171031,750,250,1,1,1,1,0
20171101,770,300,1,1,1,1,1
20171102,820,-20,0,0,0,0,0
20171106,790,-20,0,0,0,0,0
20171107,750,30,1,0,0,0,0
20171108,760,45,1,0,0,0,0
20171109,800,125,1,1,0,0,0
20171110,935,-110,0,0,0,0,0
20171113,800,25,1,0,0,0,0
20171114,790,-120,0,0,0,0,0
20171115,780,-175,0,0,0,0,0
20171116,800,175,1,1,1,0,0
20171117,800,-270,0,0,0,0,0
20171120,805,-215,0,0,0,0,0
20171121,710,-210,0,0,0,0,0
20171122,675,-210,0,0,0,0,0
20171124,615,-85,0,0,0,0,0
20171127,565,-270,0,0,0,0,0
20171128,520,-270,0,0,0,0,0
20171201,970,-31.7,0,0,0,0,0
20171204,945,-6.7,0,0,0,0,0
20171205,940,-205,0,0,0,0,0
20171206,875,-165,0,0,0,0,0
20171207,860,48.3,1,0,0,0,0
20171208,890,-240,0,0,0,0,0
20171211,795,-180,0,0,0,0,0
20171212,740,-170,0,0,0,0,0
20171213,700,-155,0,0,0,0,0
20171214,650,-140,0,0,0,0,0
20171215,660,-101.7,0,0,0,0,0
20171218,645,-140,0,0,0,0,0
20171219,605,-140,0,0,0,0,0
20171220,575,-105,0,0,0,0,0
20171221,555,-85,0,0,0,0,0
20171222,505,60,1,0,0,0,0
20171226,465,305,1,1,1,1,1
20171227,475,295,1,1,1,1,1
20180105,825,-110,0,0,0,0,0
20180109,855,-180,0,0,0,0,0
20180110,855,-165,0,0,0,0,0
20180111,795,-85,0,0,0,0,0
20180112,765,-120,0,0,0,0,0
20180115,685,-30,0,0,0,0,0
20180116,645,0,0,0,0,0,0
20180117,665,-80,0,0,0,0,0
20180118,675,-65,0,0,0,0,0
20180119,675,-140,0,0,0,0,0
20180122,640,-95,0,0,0,0,0
20180123,620,71,1,0,0,0,0
20180124,610,262,1,1,1,1,1
20180125,600,-55,0,0,0,0,0
20180126,550,-5,0,0,0,0,0
20180129,510,35,1,0,0,0,0
20180130,485,279,1,1,1,1,1
20180131,965,955,1,1,1,1,1
20180201,930,990,1,1,1,1,1
20180202,935,1175,1,1,1,1,1
20180206,1335,-140,0,0,0,0,0
20180207,1120,125,1,1,0,0,0
20180209,1380,-430,0,0,0,0,0
20180213,1065,-100,0,0,0,0,0
20180214,1140,-10,0,0,0,0,0
20180215,925,70,1,0,0,0,0
20180216,890,-40,0,0,0,0,0
20180219,785,25,1,0,0,0,0
20180220,760,-130,0,0,0,0,0
20180221,745,-145,0,0,0,0,0
20180222,775,35,1,0,0,0,0
20180223,715,95,1,0,0,0,0
20180226,600,427,1,1,1,1,1
20180227,515,677,1,1,1,1,1
20180301,1180,90.69,1,0,0,0,0
20180305,1265,-75,0,0,0,0,0
20180308,1130,-220,0,0,0,0,0
20180312,1015,40,1,0,0,0,0
20180319,865,550,1,1,1,1,1
20180320,915,190,1,1,1,0,0
20180322,810,270,1,1,1,1,1
20180323,975,130,1,1,0,0,0
20180327,770,-60,0,0,0,0,0
20180328,795,195.69,1,1,1,0,0
20180329,745,-80,0,0,0,0,0
20180330,685,-265,0,0,0,0,0
20180402,640,-95,0,0,0,0,0
20180403,660,90,1,0,0,0,0
20180405,1005,-125,0,0,0,0,0
20180406,990,-245,0,0,0,0,0
20180410,930,-170,0,0,0,0,0
20180411,935,-220,0,0,0,0,0
20180412,850,106.77,1,1,0,0,0
20180413,780,-48.23,0,0,0,0,0
20180416,705,-80,0,0,0,0,0
20180417,665,-85,0,0,0,0,0
20180418,625,51.77,1,0,0,0,0
20180419,605,-125,0,0,0,0,0
20180420,590,-90,0,0,0,0,0
20180423,555,-50,0,0,0,0,0
20180424,505,-130,0,0,0,0,0
20180425,560,-96,0,0,0,0,0
20180426,490,-227,0,0,0,0,0
20180427,890,-260,0,0,0,0,0
20180501,825,-170,0,0,0,0,0
20180502,780,-165,0,0,0,0,0
20180507,715,-25,0,0,0,0,0
20180508,705,-85,0,0,0,0,0
20180509,660,-25,0,0,0,0,0
20180510,625,40,1,0,0,0,0
20180511,610,20,1,0,0,0,0
20180514,590,-55,0,0,0,0,0
20180515,545,-60,0,0,0,0,0
20180516,575,-5,0,0,0,0,0
20180517,520,65,1,0,0,0,0
20180518,495,115,1,1,0,0,0
20180521,490,223,1,1,1,1,0
20180522,455,258,1,1,1,1,1
20180523,430,495,1,1,1,1,1
20180524,495,181,1,1,1,0,0
20180525,470,-185,0,0,0,0,0
20180528,420,-215,0,0,0,0,0
20180529,395,-112,0,0,0,0,0
20180530,935,-35,0,0,0,0,0
20180531,865,138.05,1,1,0,0,0
20180601,850,153.05,1,1,1,0,0
20180604,755,65,1,0,0,0,0
20180605,755,20,1,0,0,0,0
20180606,715,10,1,0,0,0,0
20180607,705,-100,0,0,0,0,0
20180608,715,-115,0,0,0,0,0
20180611,740,-110,0,0,0,0,0
20180612,645,200,1,1,1,1,0
20180613,640,-5,0,0,0,0,0
20180614,625,10,1,0,0,0,0
20180615,600,35,1,0,0,0,0
20180618,600,120,1,1,0,0,0
20180620,680,-95,0,0,0,0,0
20180621,605,-65,0,0,0,0,0
20180622,645,115,1,1,0,0,0
20180625,575,378,1,1,1,1,1
20180627,555,165,1,1,1,0,0
20180628,615,57,1,0,0,0,0
20180629,555,165,1,1,1,0,0
20180702,530,142,1,1,0,0,0
20180703,550,-270,0,0,0,0,0
20180706,905,70,1,0,0,0,0
20180709,795,130,1,1,0,0,0
20180710,695,175,1,1,1,0,0
20180711,750,155,1,1,1,0,0
20180712,725,180,1,1,1,0,0
20180713,690,110,1,1,0,0,0
20180717,635,-105,0,0,0,0,0
20180718,610,-65,0,0,0,0,0
20180720,580,-100,0,0,0,0,0
20180723,630,-155,0,0,0,0,0
20180724,590,-170,0,0,0,0,0
20180725,525,-155,0,0,0,0,0
20180726,520,-172,0,0,0,0,0
20180727,465,-209,0,0,0,0,0
20180730,485,-292,0,0,0,0,0
20180731,475,-232,0,0,0,0,0
20180803,815,185,1,1,1,0,0
20180807,755,-45,0,0,0,0,0
20180808,710,290,1,1,1,1,1
20180809,720,25,1,0,0,0,0
20180810,695,50,1,0,0,0,0
20180813,780,-180,0,0,0,0,0
20180814,750,-95,0,0,0,0,0
20180815,700,-155,0,0,0,0,0
20180816,755,-16,0,0,0,0,0
20180817,705,-105,0,0,0,0,0
20180820,680,97,1,0,0,0,0
20180821,635,137,1,1,0,0,0
20180822,605,218,1,1,1,1,0
20180823,555,121,1,1,0,0,0
20180824,525,114,1,1,0,0,0
20180827,480,-95,0,0,0,0,0
20180828,480,37,1,0,0,0,0
20180829,465,4,1,0,0,0,0
20180830,455,91,1,0,0,0,0
20180831,455,-49,0,0,0,0,0
20180903,425,186,1,1,1,0,0
20180904,400,-182,0,0,0,0,0
20180906,790,30,1,0,0,0,0
20180910,775,120,1,1,0,0,0
20180911,725,10,1,0,0,0,0
20180913,695,194,1,1,1,0,0
20180914,660,255,1,1,1,1,1
20180918,670,245,1,1,1,1,0
20180919,700,-90,0,0,0,0,0
20180920,635,39,1,0,0,0,0
20180921,645,-11,0,0,0,0,0
20180925,610,-120,0,0,0,0,0
20180926,560,117,1,1,0,0,0
20180927,560,-97,0,0,0,0,0
20180928,525,79,1,0,0,0,0
20181001,495,109,1,1,0,0,0
20181002,965,99.47,1,0,0,0,0
20181003,940,130,1,1,0,0,0
20181004,930,140,1,1,0,0,0
20181005,960,365,1,1,1,1,1
20181009,940,330,1,1,1,1,1
20181010,900,355,1,1,1,1,1
20181011,1010,150,1,1,1,0,0
20181012,1155,-220,0,0,0,0,0
20181015,1065,-225,0,0,0,0,0
20181016,1085,-10,0,0,0,0,0
20181017,890,45,1,0,0,0,0
20181018,850,164.47,1,1,1,0,0
20181019,940,374.47,1,1,1,1,1
20181022,895,419.47,1,1,1,1,1
20181023,860,454.47,1,1,1,1,1
20181024,905,290,1,1,1,1,1
20181025,1120,-360,0,0,0,0,0
20181026,970,-240,0,0,0,0,0
20181029,865,-130.53,0,0,0,0,0
20181030,855,160,1,1,1,0,0
20181101,1355,-125,0,0,0,0,0
20181105,1320,-340,0,0,0,0,0
20181106,1315,-345,0,0,0,0,0
20181107,1240,-195,0,0,0,0,0
20181108,1040,85,1,0,0,0,0
20181109,925,200,1,1,1,1,0
20181113,1005,25,1,0,0,0,0
20181115,1065,-270,0,0,0,0,0
20181116,985,10,1,0,0,0,0
20181119,960,-25,0,0,0,0,0
20181120,930,5,1,0,0,0,0
20181121,920,130,1,1,0,0,0
20181122,790,195,1,1,1,0,0
20181126,810,175,1,1,1,0,0
20181127,730,151,1,1,1,0,0
20181128,755,126,1,1,0,0,0
20181129,735,22,1,0,0,0,0
20181130,700,15,1,0,0,0,0
20181203,570,352,1,1,1,1,1
20181204,545,325,1,1,1,1,1
20181205,985,-100,0,0,0,0,0
20181206,995,-165,0,0,0,0,0
20181211,1015,-100,0,0,0,0,0
20181212,990,338,1,1,1,1,1
20181213,895,150,1,1,1,0,0
20181214,845,231.69,1,1,1,1,0
20181217,885,443,1,1,1,1,1
20181218,900,445,1,1,1,1,1
20181219,920,350,1,1,1,1,1
20181220,870,854,1,1,1,1,1
20181221,975,240,1,1,1,1,0
20181225,1055,-475,0,0,0,0,0
20181226,1100,70,1,0,0,0,0
20181228,1430,-375,0,0,0,0,0
20190107,1185,-253.98,0,0,0,0,0
20190108,1115,-270,0,0,0,0,0
20190109,965,-180,0,0,0,0,0
20190110,990,-130,0,0,0,0,0
20190111,960,-105,0,0,0,0,0
20190115,880,-25,0,0,0,0,0
20190116,835,-255,0,0,0,0,0
20190117,765,-165,0,0,0,0,0
20190118,735,-180,0,0,0,0,0
20190121,690,-120,0,0,0,0,0
20190122,625,-145,0,0,0,0,0
20190123,645,-150,0,0,0,0,0
20190124,615,-75,0,0,0,0,0
20190125,565,-217,0,0,0,0,0
20190128,505,-271,0,0,0,0,0
20190129,510,-97,0,0,0,0,0
20190130,905,-220,0,0,0,0,0
20190131,870,-100,0,0,0,0,0
20190201,840,-165,0,0,0,0,0
20190204,770,-60,0,0,0,0,0
20190205,705,-50,0,0,0,0,0
20190207,695,70,1,0,0,0,0
20190208,710,220,1,1,1,1,0
20190212,675,255,1,1,1,1,1
20190213,645,-15,0,0,0,0,0
20190214,645,-85,0,0,0,0,0
20190215,645,44,1,0,0,0,0
20190218,610,-96,0,0,0,0,0
20190219,590,-115,0,0,0,0,0
20190220,590,-250,0,0,0,0,0
20190221,545,-162,0,0,0,0,0
20190222,510,-54,0,0,0,0,0
20190225,470,-196,0,0,0,0,0
20190226,440,-208,0,0,0,0,0
20190227,860,-20,0,0,0,0,0
20190228,855,15,1,0,0,0,0
20190304,830,505.75,1,1,1,1,1
20190305,815,275,1,1,1,1,1
20190306,810,297.75,1,1,1,1,1
20190307,830,-160,0,0,0,0,0
20190308,860,-210,0,0,0,0,0
20190312,770,-180,0,0,0,0,0
20190313,750,-185,0,0,0,0,0
20190314,735,-20,0,0,0,0,0
20190315,675,-95,0,0,0,0,0
20190319,635,28,1,0,0,0,0
20190320,615,-55,0,0,0,0,0
20190325,625,45,1,0,0,0,0
20190326,585,156.75,1,1,1,0,0
20190327,570,-36,0,0,0,0,0
20190328,565,97,1,0,0,0,0
20190329,540,122,1,1,0,0,0
20190401,480,-143,0,0,0,0,0
20190402,455,-186,0,0,0,0,0
20190403,810,-115,0,0,0,0,0
20190404,795,-170,0,0,0,0,0
20190405,785,-20,0,0,0,0,0
20190408,740,-23.09,0,0,0,0,0
20190409,730,61.91,1,0,0,0,0
20190410,725,111.91,1,1,0,0,0
20190411,690,194.91,1,1,1,0,0
20190412,650,14,1,0,0,0,0
20190415,610,-130,0,0,0,0,0
20190416,595,-115,0,0,0,0,0
20190417,535,-95,0,0,0,0,0
20190418,545,-105,0,0,0,0,0
20190419,530,-148,0,0,0,0,0
20190422,490,224,1,1,1,1,0
20190423,960,130,1,1,0,0,0
20190424,935,230,1,1,1,1,0
20190425,990,55,1,0,0,0,0
20190426,950,95,1,0,0,0,0
20190507,925,120,1,1,0,0,0
20190508,1020,145,1,1,0,0,0
20190509,1005,125,1,1,0,0,0
20190510,1045,-5,0,0,0,0,0
20190513,1055,-330,0,0,0,0,0
20190514,1035,-220,0,0,0,0,0
20190515,905,-240,0,0,0,0,0
20190516,820,-160,0,0,0,0,0
20190517,790,-180,0,0,0,0,0
20190520,770,-205,0,0,0,0,0
20190521,720,-135,0,0,0,0,0
20190522,670,-15,0,0,0,0,0
20190523,665,27,1,0,0,0,0
20190524,710,64,1,0,0,0,0
20190527,625,239,1,1,1,1,0
20190528,615,249,1,1,1,1,0
20190529,570,209,1,1,1,1,0
20190530,580,90,1,0,0,0,0
20190531,595,-158,0,0,0,0,0
20190603,610,-15,0,0,0,0,0
20190604,530,140,1,1,0,0,0
20190606,865,-75,0,0,0,0,0
20190607,830,-110,0,0,0,0,0
20190610,795,-155,0,0,0,0,0
20190611,755,-110,0,0,0,0,0
20190612,750,-100,0,0,0,0,0
20190613,760,-105,0,0,0,0,0
20190614,725,-140,0,0,0,0,0
20190617,655,-85,0,0,0,0,0
20190618,640,-90,0,0,0,0,0
20190619,625,-105,0,0,0,0,0
20190620,580,-60,0,0,0,0,0
20190621,570,-120,0,0,0,0,0
20190624,575,33,1,0,0,0,0
20190625,530,-72,0,0,0,0,0
20190626,550,110,1,1,0,0,0
20190627,515,145,1,1,0,0,0
20190628,520,-109,0,0,0,0,0
20190701,440,-232,0,0,0,0,0
20190702,395,-160,0,0,0,0,0
20190703,735,-150,0,0,0,0,0
20190704,720,-195,0,0,0,0,0
20190705,680,-160,0,0,0,0,0
20190708,665,-200,0,0,0,0,0
20190709,635,55,1,0,0,0,0
20190710,640,-55,0,0,0,0,0
20190711,610,-115,0,0,0,0,0
20190712,570,-35,0,0,0,0,0
20190716,505,-25,0,0,0,0,0
20190717,465,85,1,0,0,0,0
20190718,495,35,1,0,0,0,0
20190719,530,304.99,1,1,1,1,1
20190722,490,79,1,0,0,0,0
20190723,465,-25,0,0,0,0,0
20190724,460,-55,0,0,0,0,0
20190725,465,233,1,1,1,1,0
20190726,450,454,1,1,1,1,1
20190729,410,541,1,1,1,1,1
20190730,410,541,1,1,1,1,1
20190731,825,295,1,1,1,1,1
20190801,830,655,1,1,1,1,1
20190802,890,235,1,1,1,1,0
20190805,905,250,1,1,1,1,0
20190806,1095,-180,0,0,0,0,0
20190807,1015,-140,0,0,0,0,0
20190808,975,-155,0,0,0,0,0
20190809,905,-180,0,0,0,0,0
20190813,900,-190,0,0,0,0,0
20190814,820,-200,0,0,0,0,0
20190815,930,-195,0,0,0,0,0
20190816,905,-215,0,0,0,0,0
20190819,800,-200,0,0,0,0,0
20190820,735,-150,0,0,0,0,0
20190821,710,-130,0,0,0,0,0
20190822,620,-105,0,0,0,0,0
20190823,625,-110,0,0,0,0,0
20190826,720,-190,0,0,0,0,0
20190827,640,-205,0,0,0,0,0
20190828,585,136,1,1,0,0,0
20190829,565,167,1,1,1,0,0
20190830,530,113,1,1,0,0,0
20190902,515,128,1,1,0,0,0
20190903,455,188,1,1,1,0,0
20190904,815,80,1,0,0,0,0
20190905,780,55,1,0,0,0,0
20190906,765,30,1,0,0,0,0
20190909,700,95,1,0,0,0,0
20190910,655,135,1,1,0,0,0
20190911,650,100,1,1,0,0,0
20190912,685,-65,0,0,0,0,0
20190913,660,-105,0,0,0,0,0
20190917,665,-120,0,0,0,0,0
20190918,640,-100,0,0,0,0,0
20190919,630,-95,0,0,0,0,0
20190920,600,-116,0,0,0,0,0
20190925,575,125,1,1,0,0,0
20190926,550,503.56,1,1,1,1,1
20190927,550,92,1,0,0,0,0
20190930,485,-191,0,0,0,0,0
20191001,450,154,1,1,1,0,0
20191002,850,-85,0,0,0,0,0
20191003,910,-50,0,0,0,0,0
20191004,850,216.93,1,1,1,1,0
20191007,815,100,1,1,0,0,0
20191008,790,125,1,1,0,0,0
20191009,820,202.93,1,1,1,1,0
20191010,795,120,1,1,0,0,0
20191011,755,171,1,1,1,0,0
20191015,650,10,1,0,0,0,0
20191016,615,-90,0,0,0,0,0
20191017,595,-71,0,0,0,0,0
20191018,580,-5,0,0,0,0,0
20191021,560,-63,0,0,0,0,0
20191023,505,-86,0,0,0,0,0
20191024,485,-205,0,0,0,0,0
20191025,455,14,1,0,0,0,0
20191028,390,65,1,0,0,0,0
20191029,850,-30,0,0,0,0,0
20191030,845,45,1,0,0,0,0
20191101,790,170,1,1,1,0,0
20191105,780,-15,0,0,0,0,0
20191106,760,-65,0,0,0,0,0
20191107,775,-100,0,0,0,0,0
20191108,750,-130,0,0,0,0,0
20191111,725,-125,0,0,0,0,0
20191112,690,-105,0,0,0,0,0
20191113,675,83,1,0,0,0,0
20191114,695,-55,0,0,0,0,0
20191115,690,-105,0,0,0,0,0
20191118,660,-100,0,0,0,0,0
20191119,595,-100,0,0,0,0,0
20191120,600,-45,0,0,0,0,0
20191121,605,-110,0,0,0,0,0
20191122,630,46,1,0,0,0,0
20191125,550,-115,0,0,0,0,0
20191126,505,36,1,0,0,0,0
20191127,490,-90,0,0,0,0,0
20191128,465,-95,0,0,0,0,0
20191129,450,-120,0,0,0,0,0
20191202,435,-160,0,0,0,0,0
20191203,455,-202,0,0,0,0,0
20191204,820,-10,0,0,0,0,0
20191205,785,230,1,1,1,1,0
20191206,800,5,1,0,0,0,0
20191209,760,-25,0,0,0,0,0
20191210,775,55,1,0,0,0,0
20191211,765,65,1,0,0,0,0
20191212,765,-5,0,0,0,0,0
20191213,700,-200,0,0,0,0,0
20191216,640,-125,0,0,0,0,0
20191217,555,-27,0,0,0,0,0
20191218,530,-105,0,0,0,0,0
20191219,535,-110,0,0,0,0,0
20191220,505,-85,0,0,0,0,0
20191223,470,271,1,1,1,1,1
20191224,480,81,1,0,0,0,0
20191225,450,163,1,1,1,0,0
20191226,900,40,1,0,0,0,0
20191227,850,170,1,1,1,0,0
20191230,885,55,1,0,0,0,0
20200106,885,114.71,1,1,0,0,0
20200107,860,139.71,1,1,0,0,0
20200108,935,35,1,0,0,0,0
20200109,830,10,1,0,0,0,0
20200110,780,-175,0,0,0,0,0
20200114,735,-150,0,0,0,0,0
20200115,720,-115,0,0,0,0,0
20200116,675,-115,0,0,0,0,0
20200117,640,224,1,1,1,1,0
20200120,580,284,1,1,1,1,1
20200121,565,299,1,1,1,1,1
20200122,620,297,1,1,1,1,1
20200123,595,322,1,1,1,1,1
20200124,585,332,1,1,1,1,1
20200127,710,-45,0,0,0,0,0
20200128,745,-225,0,0,0,0,0
20200129,660,-31,0,0,0,0,0
20200130,610,77,1,0,0,0,0
20200131,600,191,1,1,1,0,0
20200203,695,452,1,1,1,1,1
20200204,1035,340,1,1,1,1,1
20200205,900,95,1,0,0,0,0
20200206,855,-195,0,0,0,0,0
20200207,855,25,1,0,0,0,0
20200210,870,-180,0,0,0,0,0
20200212,830,-185,0,0,0,0,0
20200213,780,-40,0,0,0,0,0
20200214,745,755,1,1,1,1,1
20200217,695,607,1,1,1,1,1
20200218,670,559,1,1,1,1,1
20200219,690,539,1,1,1,1,1
20200220,670,666,1,1,1,1,1
20200221,730,499,1,1,1,1,1
20200225,1020,80,1,0,0,0,0
20200226,1055,380,1,1,1,1,1
20200227,1005,610,1,1,1,1,1
20200228,1375,180,1,1,1,0,0
20200302,1650,-385,0,0,0,0,0
20200303,1000,-40,0,0,0,0,0
20200310,2020,1130,1,1,1,1,1
20200311,1960,570,1,1,1,1,1
20200312,2255,861.17,1,1,1,1,1
20200319,2260,290,1,1,1,1,1
20200325,1825,130,1,1,0,0,0
20200326,1795,-475,0,0,0,0,0
20200327,1765,-290,0,0,0,0,0
20200331,1465,15,1,0,0,0,0
20200408,1690,-146.31,0,0,0,0,0
20200410,1515,-330,0,0,0,0,0
20200413,1495,-275,0,0,0,0,0
20200414,1380,-50,0,0,0,0,0
20200416,1290,-275,0,0,0,0,0
20200417,1200,-380,0,0,0,0,0
20200420,1120,105,1,1,0,0,0
20200421,1160,-246,0,0,0,0,0
20200422,1225,-186.31,0,0,0,0,0
20200428,1535,-160,0,0,0,0,0
20200501,1475,-80,0,0,0,0,0
20200507,1445,65,1,0,0,0,0
20200508,1240,-105,0,0,0,0,0
20200511,1165,-120,0,0,0,0,0
20200512,1135,-140,0,0,0,0,0
20200513,1210,-105,0,0,0,0,0
20200514,1210,-155,0,0,0,0,0
20200515,1190,-135,0,0,0,0,0
20200518,1130,-75,0,0,0,0,0
20200519,1030,130,1,1,0,0,0
20200520,975,115,1,1,0,0,0
20200521,915,130,1,1,0,0,0
20200522,885,240,1,1,1,1,0
20200525,860,265,1,1,1,1,1
20200526,800,485,1,1,1,1,1
20200527,775,215,1,1,1,1,0
20200528,830,185,1,1,1,0,0
20200529,800,220,1,1,1,1,0
20200601,760,280,1,1,1,1,1
20200602,695,265,1,1,1,1,1
20200608,1205,360,1,1,1,1,1
20200609,1140,425,1,1,1,1,1
20200610,1130,380,1,1,1,1,1
20200611,1135,492.6,1,1,1,1,1
20200612,1430,-250,0,0,0,0,0
20200615,1415,-187.4,0,0,0,0,0
20200616,1390,125,1,1,0,0,0
20200617,1350,-415,0,0,0,0,0
20200619,1220,-310,0,0,0,0,0
20200622,1125,-385,0,0,0,0,0
20200624,920,-290,0,0,0,0,0
20200625,960,-445,0,0,0,0,0
20200626,880,-357,0,0,0,0,0
20200629,885,-392,0,0,0,0,0
20200630,770,-367,0,0,0,0,0
20200703,1270,-85,0,0,0,0,0
20200706,1200,-70,0,0,0,0,0
20200707,1165,-120,0,0,0,0,0
20200708,1165,-105,0,0,0,0,0
20200709,1150,-120,0,0,0,0,0
20200710,1140,-210,0,0,0,0,0
20200713,1065,-220,0,0,0,0,0
20200714,1010,-225,0,0,0,0,0
20200715,1025,-265,0,0,0,0,0
20200716,995,-325,0,0,0,0,0
20200717,955,-265,0,0,0,0,0
20200720,875,-230,0,0,0,0,0
20200721,810,188,1,1,1,0,0
20200722,790,208,1,1,1,1,0
20200727,785,-83,0,0,0,0,0
20200728,650,110,1,1,0,0,0
20200729,680,22,1,0,0,0,0
20200730,640,62,1,0,0,0,0
20200731,620,-83,0,0,0,0,0
20200803,605,60,1,0,0,0,0
20200805,1065,115,1,1,0,0,0
20200811,950,230,1,1,1,1,0
20200812,940,105,1,1,0,0,0
20200813,905,-130,0,0,0,0,0
20200814,870,-100,0,0,0,0,0
20200817,845,-135,0,0,0,0,0
20200818,830,-145,0,0,0,0,0
20200819,825,-120,0,0,0,0,0
20200820,815,-110,0,0,0,0,0
20200821,785,-80,0,0,0,0,0
20200824,775,-130,0,0,0,0,0
20200825,725,-190,0,0,0,0,0
20200826,680,-95,0,0,0,0,0
20200827,655,-130,0,0,0,0,0
20200828,640,-235,0,0,0,0,0
20200831,650,-260,0,0,0,0,0
20200901,580,-270,0,0,0,0,0
20200903,1105,20,1,0,0,0,0
20200904,1205,-330,0,0,0,0,0
20200907,1115,-280,0,0,0,0,0
20200908,1045,-270,0,0,0,0,0
20200909,1070,-260,0,0,0,0,0
20200910,975,-240,0,0,0,0,0
20200911,930,-255,0,0,0,0,0
20200914,825,-105,0,0,0,0,0
20200915,810,-105,0,0,0,0,0
20200916,755,-195,0,0,0,0,0
20200917,745,-230,0,0,0,0,0
20200918,735,-260,0,0,0,0,0
20200923,675,-220,0,0,0,0,0
20200924,680,-170,0,0,0,0,0
20200925,625,-225,0,0,0,0,0
20200929,515,-275,0,0,0,0,0
20201001,1335,-160,0,0,0,0,0
20201005,1265,-310,0,0,0,0,0
20201007,1165,-235,0,0,0,0,0
20201008,1095,-200,0,0,0,0,0
20201009,1005,-180,0,0,0,0,0
20201012,925,-85,0,0,0,0,0
20201013,875,-35,0,0,0,0,0
20201014,880,5,1,0,0,0,0
20201015,865,-35,0,0,0,0,0
20201016,865,-90,0,0,0,0,0
20201019,870,-100,0,0,0,0,0
20201020,840,-50,0,0,0,0,0
20201021,830,50,1,0,0,0,0
20201022,860,95,1,0,0,0,0
20201023,835,-20,0,0,0,0,0
20201026,790,25,1,0,0,0,0
20201027,820,-7,0,0,0,0,0
20201028,800,116,1,1,0,0,0
20201029,900,97,1,0,0,0,0
20201030,870,175,1,1,1,0,0
20201102,880,90,1,0,0,0,0
20201109,1045,40,1,0,0,0,0
20201111,1095,135,1,1,0,0,0
20201112,1070,95,1,0,0,0,0
20201113,1025,205,1,1,1,1,0
20201116,985,360,1,1,1,1,1
20201117,1020,-40,0,0,0,0,0
20201118,985,25,1,0,0,0,0
20201119,940,390,1,1,1,1,1
20201120,925,430,1,1,1,1,1
20201124,860,150,1,1,1,0,0
20201125,850,-220,0,0,0,0,0
20201126,825,100,1,1,0,0,0
20201127,760,-320,0,0,0,0,0
20201130,720,-219,0,0,0,0,0
20201201,665,-330,0,0,0,0,0
20201204,1165,-230,0,0,0,0,0
20201208,1085,-110,0,0,0,0,0
20201209,1025,-175,0,0,0,0,0
20201210,1020,-270,0,0,0,0,0
20201211,985,-260,0,0,0,0,0
20201214,955,-180,0,0,0,0,0
20201215,905,-175,0,0,0,0,0
20201216,860,-205,0,0,0,0,0
20201217,810,-210,0,0,0,0,0
20201218,760,-200,0,0,0,0,0
20201221,750,-10,0,0,0,0,0
20201222,785,322,1,1,1,1,1
20201223,750,163,1,1,1,0,0
20201224,685,228,1,1,1,1,0
20201225,585,223,1,1,1,1,0
20201230,1345,70,1,0,0,0,0
20210107,1240,213.77,1,1,1,1,0
20210108,1225,265,1,1,1,1,1
20210112,1195,155,1,1,1,0,0
20210113,1190,105,1,1,0,0,0
20210114,1190,-235,0,0,0,0,0
20210115,1170,85,1,0,0,0,0
20210118,1205,-45,0,0,0,0,0
20210119,1160,-290,0,0,0,0,0
20210120,1105,-105,0,0,0,0,0
20210121,1070,-65,0,0,0,0,0
20210122,955,50,1,0,0,0,0
20210125,895,110,1,1,0,0,0
20210126,860,145,1,1,0,0,0
20210127,865,135,1,1,0,0,0
20210128,1065,-195,0,0,0,0,0
20210201,985,-40,0,0,0,0,0
20210203,1325,210,1,1,1,1,0
20210204,1285,250,1,1,1,1,0
20210205,1265,280,1,1,1,1,1
20210208,1375,20,1,0,0,0,0
20210210,1250,225,1,1,1,1,0
20210212,1245,120,1,1,0,0,0
20210215,1235,130,1,1,0,0,0
20210216,1235,-310,0,0,0,0,0
20210217,1250,130,1,1,0,0,0
20210218,1140,130,1,1,0,0,0
20210219,1100,-160,0,0,0,0,0
20210222,1030,240,1,1,1,1,0
20210224,1030,-90,0,0,0,0,0
20210226,1110,-13,0,0,0,0,0
20210301,1015,-195,0,0,0,0,0
20210302,795,168,1,1,1,0,0
20210303,1535,275,1,1,1,1,1
20210304,1525,-265,0,0,0,0,0
20210305,1640,-275,0,0,0,0,0
20210309,1515,-150,0,0,0,0,0
20210310,1400,-80,0,0,0,0,0
20210311,1330,45,1,0,0,0,0
20210312,1255,10,1,0,0,0,0
20210315,1200,-30,0,0,0,0,0
20210316,1110,476,1,1,1,1,1
20210317,1070,406.95,1,1,1,1,1
20210318,1045,220,1,1,1,1,0
20210319,1030,182.95,1,1,1,0,0
20210322,1045,375,1,1,1,1,1
20210323,970,225,1,1,1,1,0
20210324,1020,-20,0,0,0,0,0
20210325,995,35,1,0,0,0,0
20210326,885,-47,0,0,0,0,0
20210329,800,-125,0,0,0,0,0
20210330,775,77,1,0,0,0,0
20210401,1390,105,1,1,0,0,0
20210402,1375,-40,0,0,0,0,0
20210406,1340,-71.78,0,0,0,0,0
20210407,1280,-320,0,0,0,0,0
20210408,1250,-270,0,0,0,0,0
20210409,1130,-190,0,0,0,0,0
20210412,1075,50,1,0,0,0,0
20210413,1020,325,1,1,1,1,1
20210414,1000,425,1,1,1,1,1
20210415,970,375,1,1,1,1,1
20210416,960,465,1,1,1,1,1
20210419,950,475,1,1,1,1,1
20210420,1005,110,1,1,0,0,0
20210421,1050,-106.78,0,0,0,0,0
20210422,970,-220,0,0,0,0,0
20210423,935,-380,0,0,0,0,0
20210426,865,-291,0,0,0,0,0
20210427,830,-350,0,0,0,0,0
20210428,795,-360,0,0,0,0,0
20210430,1330,530,1,1,1,1,1
20210506,1220,540,1,1,1,1,1
20210510,1080,575,1,1,1,1,1
20210511,1165,75,1,0,0,0,0
20210512,1240,330,1,1,1,1,1
20210513,1490,-235,0,0,0,0,0
20210514,1355,-40,0,0,0,0,0
20210517,1250,-230,0,0,0,0,0
20210518,1285,-110,0,0,0,0,0
20210519,1380,-425,0,0,0,0,0
20210520,1235,-60,0,0,0,0,0
20210521,1195,-105,0,0,0,0,0
20210524,1100,-10,0,0,0,0,0
20210525,960,-155,0,0,0,0,0
20210526,900,40,1,0,0,0,0
20210527,815,-130,0,0,0,0,0
20210528,745,-215,0,0,0,0,0
20210531,710,-300,0,0,0,0,0
20210601,690,-385,0,0,0,0,0
20210602,1320,-225,0,0,0,0,0
20210607,1235,-325,0,0,0,0,0
20210608,1190,-290,0,0,0,0,0
20210609,1145,-195,0,0,0,0,0
20210610,1075,84.87,1,0,0,0,0
20210611,1030,355,1,1,1,1,1
20210614,880,285,1,1,1,1,1
20210615,855,639,1,1,1,1,1
20210616,875,619,1,1,1,1,1
20210617,940,225,1,1,1,1,0
20210618,820,345,1,1,1,1,1
20210621,1015,-150,0,0,0,0,0
20210622,925,-60,0,0,0,0,0
20210623,805,-315,0,0,0,0,0
20210624,750,-285,0,0,0,0,0
20210625,660,-80,0,0,0,0,0
20210628,605,-61,0,0,0,0,0
20210629,525,158,1,1,1,0,0
20210701,1120,108.15,1,1,0,0,0
20210702,1130,290,1,1,1,1,1
20210705,1090,330,1,1,1,1,1
20210707,1140,130,1,1,0,0,0
20210709,1290,80,1,0,0,0,0
20210712,1100,20,1,0,0,0,0
20210713,960,175,1,1,1,0,0
20210714,980,315,1,1,1,1,1
20210715,995,65,1,0,0,0,0
20210716,1070,80,1,0,0,0,0
20210719,1135,-305,0,0,0,0,0
20210720,1120,-25,0,0,0,0,0
20210721,1010,-310,0,0,0,0,0
20210726,875,-170,0,0,0,0,0
20210728,905,-390,0,0,0,0,0
20210729,815,-355,0,0,0,0,0
20210730,825,-331,0,0,0,0,0
20210802,780,-166,0,0,0,0,0
20210803,1315,-65,0,0,0,0,0
20210805,1250,-40,0,0,0,0,0
20210806,1185,-255,0,0,0,0,0
20210810,1050,-130,0,0,0,0,0
20210811,1045,-80,0,0,0,0,0
20210812,1065,-105,0,0,0,0,0
20210813,995,-30,0,0,0,0,0
20210816,1075,5,1,0,0,0,0
20210817,970,-210,0,0,0,0,0
20210818,980,-165,0,0,0,0,0
20210819,940,-175,0,0,0,0,0
20210820,970,-30,0,0,0,0,0
20210823,895,45,1,0,0,0,0
20210824,795,99,1,0,0,0,0
20210825,735,132,1,1,0,0,0
20210826,730,150,1,1,1,0,0
20210827,710,229,1,1,1,1,0
20210830,605,145,1,1,0,0,0
20210831,545,335,1,1,1,1,1
20210902,1110,475,1,1,1,1,1
20210906,1305,20,1,0,0,0,0
20210907,1340,-115,0,0,0,0,0
20210908,1280,-50,0,0,0,0,0
20210909,1285,-80,0,0,0,0,0
20210910,1215,-185,0,0,0,0,0
20210913,1165,70,1,0,0,0,0
20210914,1115,56.61,1,0,0,0,0
20210915,1030,255,1,1,1,1,1
20210916,960,211.61,1,1,1,1,0
20210917,970,265,1,1,1,1,1
20210921,1050,-300,0,0,0,0,0
20210922,1080,-210,0,0,0,0,0
20210924,850,25,1,0,0,0,0
20210927,785,255,1,1,1,1,1
20210928,800,75,1,0,0,0,0
20210929,1635,28.47,1,0,0,0,0
20211004,1560,420,1,1,1,1,1
20211005,1740,-410,0,0,0,0,0
20211006,1590,-295,0,0,0,0,0
20211008,1490,40,1,0,0,0,0
20211011,1420,110,1,1,0,0,0
20211012,1340,-130,0,0,0,0,0
20211013,1330,150,1,1,1,0,0
20211014,1250,65,1,0,0,0,0
20211015,1180,-50,0,0,0,0,0
20211018,1100,-145,0,0,0,0,0
20211019,1030,-75,0,0,0,0,0
20211020,980,-5,0,0,0,0,0
20211022,1025,140,1,1,0,0,0
20211025,990,65,1,0,0,0,0
20211026,905,-11.53,0,0,0,0,0
20211027,870,167,1,1,1,0,0
20211028,850,43.47,1,0,0,0,0
20211029,825,120,1,1,0,0,0
20211101,760,-35,0,0,0,0,0
20211104,1210,55,1,0,0,0,0
20211108,1185,25,1,0,0,0,0
20211109,1140,0,0,0,0,0,0
20211110,1155,15,1,0,0,0,0
20211111,1200,60,1,0,0,0,0
20211112,1140,-80,0,0,0,0,0
20211115,1055,-245,0,0,0,0,0
20211116,995,-205,0,0,0,0,0
20211117,955,143,1,1,0,0,0
20211118,930,430,1,1,1,1,1
20211119,920,403,1,1,1,1,1
20211122,880,443,1,1,1,1,1
20211124,810,513,1,1,1,1,1
20211125,785,515,1,1,1,1,1
20211126,865,295,1,1,1,1,1
20211129,1100,-125,0,0,0,0,0
20211130,850,205,1,1,1,1,0
20211206,1610,47.17,1,0,0,0,0
20211208,1385,-310,0,0,0,0,0
20211210,1350,-185,0,0,0,0,0
20211213,1185,-70,0,0,0,0,0
20211214,1200,-150,0,0,0,0,0
20211215,1230,-65,0,0,0,0,0
20211216,1060,315,1,1,1,1,1
20211217,1030,345,1,1,1,1,1
20211220,1145,-120,0,0,0,0,0
20211221,1165,-125,0,0,0,0,0
20211222,1075,-305,0,0,0,0,0
20211223,960,-220,0,0,0,0,0
20211227,835,-22.83,0,0,0,0,0
20211228,770,-255,0,0,0,0,0
20211229,755,173,1,1,1,0,0
20211230,735,-420,0,0,0,0,0
20220112,1140,95,1,0,0,0,0
20220114,1205,110,1,1,0,0,0
20220117,1110,125,1,1,0,0,0
20220118,1030,205,1,1,1,1,0
20220119,1155,15,1,0,0,0,0
20220121,1310,-220,0,0,0,0,0
20220124,1275,-165,0,0,0,0,0
20220125,1225,-15,0,0,0,0,0
20220126,1225,-155,0,0,0,0,0
20220127,1075,-5,0,0,0,0,0
20220128,1125,35.6,1,0,0,0,0
20220131,930,47,1,0,0,0,0
20220209,1205,95,1,0,0,0,0
20220210,1155,260,1,1,1,1,1
20220214,1280,30,1,0,0,0,0
20220215,1385,-50,0,0,0,0,0
20220216,1285,110,1,1,0,0,0
20220217,1185,25,1,0,0,0,0
20220218,1320,210,1,1,1,1,0
20220221,1245,-165,0,0,0,0,0
20220222,1285,-435,0,0,0,0,0
20220224,1225,-75,0,0,0,0,0
20220225,1115,35,1,0,0,0,0
20220228,1050,381,1,1,1,1,1
20220301,905,588,1,1,1,1,1
20220308,1765,-110,0,0,0,0,0
20220311,1605,20,1,0,0,0,0
20220315,1535,255,1,1,1,1,1
20220316,1390,178.61,1,1,1,0,0
20220318,1270,160,1,1,1,0,0
20220322,1090,125,1,1,0,0,0
20220324,1045,-10,0,0,0,0,0
20220325,1080,-335,0,0,0,0,0
20220331,1575,-75,0,0,0,0,0
20220406,1320,165,1,1,1,0,0
20220407,1435,-235,0,0,0,0,0
20220408,1360,-113.76,0,0,0,0,0
20220411,1295,-300,0,0,0,0,0
20220414,1195,-210,0,0,0,0,0
20220415,1175,-5,0,0,0,0,0
20220418,1175,-150,0,0,0,0,0
20220420,1050,100,1,1,0,0,0
20220421,1035,115,1,1,0,0,0
20220422,1045,105,1,1,0,0,0
20220425,1150,-375,0,0,0,0,0
20220426,1080,-390,0,0,0,0,0
20220427,1110,-30,0,0,0,0,0
20220506,1680,160,1,1,1,0,0
20220509,1685,155,1,1,1,0,0
20220511,1635,-120,0,0,0,0,0
20220512,1570,-55,0,0,0,0,0
20220513,1490,65,1,0,0,0,0
20220516,1310,-295,0,0,0,0,0
20220517,1230,-235,0,0,0,0,0
20220520,1135,40,1,0,0,0,0
20220523,1050,-325,0,0,0,0,0
20220524,1005,-320,0,0,0,0,0
20220525,965,-145,0,0,0,0,0
20220527,800,74,1,0,0,0,0
20220530,690,39,1,0,0,0,0
20220531,650,85,1,0,0,0,0
20220606,1195,120,1,1,0,0,0
20220607,1155,210,1,1,1,1,0
20220608,1120,300,1,1,1,1,1
20220609,1125,820.2,1,1,1,1,1
20220610,1175,190,1,1,1,0,0
20220613,1245,195,1,1,1,0,0
20220614,1375,25,1,0,0,0,0
20220615,1290,135,1,1,0,0,0
20220616,1200,140,1,1,0,0,0
20220617,1365,-325,0,0,0,0,0
20220620,1115,-145,0,0,0,0,0
20220621,1040,-70,0,0,0,0,0
20220622,965,-300,0,0,0,0,0
20220624,910,5,1,0,0,0,0
20220627,785,-69,0,0,0,0,0
20220628,735,-19,0,0,0,0,0
20220701,1530,-105,0,0,0,0,0
20220707,1425,420.62,1,1,1,1,1
20220708,1365,-195,0,0,0,0,0
20220711,1315,-60,0,0,0,0,0
20220712,1290,-70,0,0,0,0,0
20220713,1320,-65,0,0,0,0,0
20220714,1245,10,1,0,0,0,0
20220715,1210,10,1,0,0,0,0
20220719,1095,125,1,1,0,0,0
20220720,1080,-175,0,0,0,0,0
20220721,1035,-370,0,0,0,0,0
20220722,965,-330,0,0,0,0,0
20220725,905,-245,0,0,0,0,0
20220726,850,-225,0,0,0,0,0
20220727,815,-200,0,0,0,0,0
20220728,790,-300,0,0,0,0,0
20220729,690,-171,0,0,0,0,0
20220801,625,-265,0,0,0,0,0
20220808,1140,90,1,0,0,0,0
20220809,1085,15,1,0,0,0,0
20220810,1100,130,1,1,0,0,0
20220812,1040,60,1,0,0,0,0
20220815,1010,-160,0,0,0,0,0
20220816,970,-140,0,0,0,0,0
20220817,910,-105,0,0,0,0,0
20220818,915,-125,0,0,0,0,0
20220819,860,105,1,1,0,0,0
20220822,845,-135,0,0,0,0,0
20220823,845,-57,0,0,0,0,0
20220824,800,-87,0,0,0,0,0
20220825,740,87,1,0,0,0,0
20220826,715,-5,0,0,0,0,0
20220829,770,-153,0,0,0,0,0
20220830,680,-63,0,0,0,0,0
20220831,1385,-155,0,0,0,0,0
20220901,1380,-90,0,0,0,0,0
20220906,1280,40,1,0,0,0,0
20220907,1320,55,1,0,0,0,0
20220908,1235,75,1,0,0,0,0
20220909,1240,65,1,0,0,0,0
20220912,1160,80,1,0,0,0,0
20220913,1130,110,1,1,0,0,0
20220914,1195,40,1,0,0,0,0
20220915,1140,137.17,1,1,0,0,0
20220916,1170,80,1,0,0,0,0
20220920,1080,170,1,1,1,0,0
20220921,1105,280,1,1,1,1,1
20220922,1095,330,1,1,1,1,1
20220926,875,290,1,1,1,1,1
20220928,1020,-75,0,0,0,0,0
20220929,995,-95,0,0,0,0,0
20220930,970,95,1,0,0,0,0
20221003,985,350,1,1,1,1,1
20221005,1465,65,1,0,0,0,0
20221007,1480,15,1,0,0,0,0
20221011,1410,-125,0,0,0,0,0
20221012,1470,5,1,0,0,0,0
20221013,1435,40,1,0,0,0,0
20221014,1435,-165,0,0,0,0,0
20221017,1340,-245,0,0,0,0,0
20221018,1240,-170,0,0,0,0,0
20221019,1155,-185,0,0,0,0,0
20221020,1155,-240,0,0,0,0,0
20221021,1130,70.86,1,0,0,0,0
20221024,1090,-255,0,0,0,0,0
20221025,1065,-195,0,0,0,0,0
20221026,995,-390,0,0,0,0,0
20221027,930,-405,0,0,0,0,0
20221028,910,-40,0,0,0,0,0
20221031,855,-340,0,0,0,0,0
20221102,1395,-105,0,0,0,0,0
20221108,1190,-85,0,0,0,0,0
20221110,1180,10,1,0,0,0,0
20221111,1150,-390,0,0,0,0,0
20221114,1035,-360,0,0,0,0,0
20221115,985,-210,0,0,0,0,0
20221116,965,-280,0,0,0,0,0
20221117,860,-235,0,0,0,0,0
20221118,830,-265,0,0,0,0,0
20221121,750,-180,0,0,0,0,0
20221122,710,-135,0,0,0,0,0
20221124,655,94,1,0,0,0,0
20221125,625,48,1,0,0,0,0
20221128,600,-79,0,0,0,0,0
20221129,600,-191,0,0,0,0,0
20221130,1335,-80,0,0,0,0,0
20221201,1305,-20,0,0,0,0,0
20221202,1335,-200,0,0,0,0,0
20221205,1280,-130,0,0,0,0,0
20221206,1220,-150,0,0,0,0,0
20221207,1225,34.96,1,0,0,0,0
20221209,1190,-175,0,0,0,0,0
20221212,1140,310,1,1,1,1,1
20221213,1130,35,1,0,0,0,0
20221214,1030,75,1,0,0,0,0
20221215,935,170,1,1,1,0,0
20221216,955,585,1,1,1,1,1
20221219,975,145,1,1,0,0,0
20221220,895,225,1,1,1,1,0
20221221,1045,-225,0,0,0,0,0
20221222,910,-185,0,0,0,0,0
20221223,915,-165,0,0,0,0,0
20221226,825,-197,0,0,0,0,0
20221227,775,243,1,1,1,1,0
20221228,750,-215,0,0,0,0,0
20221229,715,-292,0,0,0,0,0