Date,Actual,Predicted
20170104,-230.0,1.2063869597771362
20170110,0.0,2.6545207067398886
20170111,40.0,0.44578925435536465
20170112,-40.0,0.27939222901514515
20170113,-80.0,0.6013498477602167
20170116,15.0,1.391154305054493
20170117,-105.0,0.2865301788035671
20170118,25.0,0.542777765259003
20170120,-115.0,0.5457034407469337
20170123,50.0,6.793531560175228
20170124,136.09,0.22406264607661927
20170125,-155.0,-0.08037446005407581
20170126,-120.0,0.8897901112112324
20170127,144.0,0.44292690546048896
20170131,-218.0,0.15752826901593867
20170203,-85.0,0.6176767160106803
20170207,70.0,0.5558788349668528
20170208,75.0,0.4913543600097853
20170209,115.0,0.28879854633932733
20170210,-135.0,0.4790441611225938
20170213,-160.0,7.21030485500925
20170214,-160.0,0.37310003604571834
20170215,-140.0,0.6825449418408992
20170216,-95.0,0.6391605214036514
20170217,-125.0,0.413607505405824
20170220,-100.0,0.7574109108677292
20170221,-65.0,0.26078158721662853
20170222,-70.0,0.49869079559840696
20170223,-135.0,0.397400703903764
20170224,-145.0,0.39804419917165235
20170227,-136.0,2.5088549609242943
20170228,-235.0,2.453218912527407
20170301,-180.0,2.5479197557459385
20170302,-160.0,4.674168835883155
20170303,-155.0,2.1515721542885085
20170306,-150.0,-0.07930996644191735
20170307,-105.0,0.2182830461435454
20170308,-140.0,0.7449638686992511
20170310,-120.0,0.4575405058389863
20170313,85.0,1.1171136200316032
20170315,-40.0,0.012979135443501849
20170316,75.0,0.4774703371557053
20170317,5.0,0.5211835087185297
20170321,-90.0,1.0373808598434517
20170322,-125.0,1.2317212793321786
20170323,-115.0,-0.25849411622522467
20170324,-190.0,0.15714036108699028
20170327,-135.0,1.264352672165235
20170328,-110.0,2.1004384968543577
20170329,241.0,0.47853659382336056
20170330,74.0,0.1801135942279111
20170403,-101.0,1.0433486678992638
20170404,-25.0,0.8245727326021157
20170406,-10.0,0.9118571567777571
20170407,15.0,0.9008055841705587
20170410,5.0,-2.5287701502807343
20170412,-175.0,0.31101291284266197
20170413,-125.0,8.331268827208985
20170414,-140.0,17.853082955869432
20170417,90.0,0.6258060830287225
20170418,143.0,0.17863265514871793
20170419,25.0,0.28321839724821507
20170420,179.0,-0.15239229511003635
20170421,-10.0,-0.12694923662469704
20170424,76.0,1.236163818510742
20170425,491.0,-0.004511485524980652
20170426,313.0,0.22022876011738188
20170427,318.0,0.3716512563250113
20170428,130.0,1.0560542784809068
20170502,110.0,0.19497921321174724
20170508,-90.0,6.958558953610927
20170509,-100.0,0.18105553463716037
20170510,0.0,0.013285417461973481
20170511,85.0,0.8481200173942762
20170512,-25.0,1.0224904361320297
20170515,-100.0,0.8630145101499747
20170516,-65.0,0.06418295250350822
20170517,-110.0,0.02135227280874405
20170518,-155.0,0.3880717631639538
20170519,-165.0,0.06888720349730776
20170522,-155.0,0.8422615683409954
20170523,-160.0,0.2603953542003626
20170524,-120.0,-0.6717170112668502
20170525,68.0,-0.915962752387083
20170526,148.0,-2.013221347483301
20170529,-60.0,2.6069667478543987
20170530,58.0,0.821237559514994
20170601,-20.0,-1.2236294626572635
20170602,-90.0,-0.512104482022175
20170606,-115.0,0.06067098525321418
20170607,-120.0,0.22657513379588673
20170608,-160.0,0.15498192891565493
20170609,-155.0,0.4935053422605624
20170612,-45.0,0.7997271547118938
20170613,-45.0,0.7986770521355506
20170614,-55.0,0.6636962417896669
20170615,-50.0,0.8979480265530437
20170616,-2.25,0.8056516679487311
20170619,-40.0,0.9175217206525588
20170620,-95.0,0.892925208675326
20170621,-95.0,0.30530342561577983
20170622,-45.0,0.18244823583317993
20170623,-95.0,0.22185449088577625
20170626,-90.0,1.1317147439323052
20170627,15.0,0.3804729479740699
20170628,-65.0,0.16702474210696755
20170629,93.0,-0.2910004104390478
20170630,-150.0,-0.5984199299082048
20170703,-180.0,1.2013073174320466
20170704,-133.0,0.7258977237009476
20170705,-165.0,0.39830478427419697
20170707,-225.0,0.4248926837706019
20170710,-225.0,0.3012179585832462
20170711,-180.0,0.7847203630721696
20170712,-160.0,1.2628577772663498
20170713,-105.0,0.917956212183749
20170714,-140.0,0.9055142022263183
20170718,-125.0,0.5602037223670716
20170719,-105.0,0.928486582555699
20170720,-90.0,1.0188784746745516
20170721,-50.0,0.43033956558327313
20170724,-105.0,0.3428332125845417
20170725,-85.0,-0.26140735518984937
20170726,-100.0,-0.24091906064714502
20170727,-120.0,0.6177968645474272
20170728,-143.0,1.9170307984570338
20170731,-110.0,0.8689983008078674
20170801,-60.0,0.3939865001337278
20170802,-10.0,0.27471289837637014
20170804,-20.0,0.48589224323734936
20170807,140.0,1.0278219261669412
20170808,245.0,0.9012714102477212
20170809,80.0,0.6889502702277173
20170810,-15.0,0.33800097308980565
20170814,-190.0,1.825535225320917
20170815,-115.0,1.2742047176882445
20170816,0.0,1.3914993968669866
20170817,-10.0,0.9356514810868093
20170818,-215.0,0.5630762286703346
20170821,-125.0,2.0392845555588455
20170822,-125.0,0.5284996556003503
20170823,-90.0,0.41332687767002807
20170824,9.0,0.4966059246302248
20170825,-50.0,1.104293797617423
20170828,-110.0,1.3521891907409622
20170829,-150.0,0.27616118744513873
20170830,10.0,-0.2632105489322756
20170831,40.0,0.018696215328711074
20170904,-170.0,1.2940424473421528
20170905,-95.0,0.08363295165909995
20170906,0.0,1.027208524648663
20170907,-65.0,0.8551833246018624
20170908,45.0,0.8688893891579939
20170911,90.0,4.523456569139538
20170912,105.0,-34.411744556239874
20170913,150.0,1.1155523226806316
20170914,170.0,1.1654756558530939
20170915,135.0,1.055809419786957
20170919,-55.0,0.558987888799363
20170920,-85.0,0.49256766125938434
20170921,-110.0,0.8949991064558713
20170922,-95.0,0.9220365078399476
20170925,-100.0,1.4336311233069108
20170927,51.0,0.5762533228220272
20170928,15.0,0.2566639291326879
20170929,76.0,-0.1262566778494117
20171002,197.0,-40.084896319940526
20171003,105.0,-66.10711011475756
20171004,-10.0,20.794660471213486
20171005,275.0,-12.55592353126496
20171006,195.0,0.5335842055925432
20171011,240.0,0.26995878004041496
20171012,90.0,1.4756949275627445
20171013,215.0,11.97121832924663
20171016,30.0,-6.354047219219757
20171017,15.0,0.9062309372446962
20171018,130.0,1.3660185926562882
20171019,-5.0,1.1876337949400946
20171020,155.0,0.6799908116891711
20171023,-125.0,2.7534046930115963
20171024,344.0,0.9149880808888392
20171025,178.0,0.5866780605098034
20171026,349.0,1.2544725544500768
20171027,300.0,0.8828239481771136
20171030,256.0,1.1187963984078864
20171031,250.0,0.6902996947071678
20171101,300.0,1.0263184200781663
20171102,-20.0,-4.372636912076453
20171106,-20.0,-3.479617090154237
20171107,30.0,2.9167649540404033
20171108,45.0,0.9758558404203895
20171109,125.0,0.6540174029870007
20171110,-110.0,38.474405574416295
20171113,25.0,0.1947797937708781
20171114,-120.0,0.8253615928735626
20171115,-175.0,0.5211211893117731
20171116,175.0,1.067096818710128
20171117,-270.0,1.763003163248282
20171120,-215.0,0.9486234723815535
20171121,-210.0,1.382527503293967
20171122,-210.0,0.9985769358105911
20171124,-85.0,1.1041838360334073
20171127,-270.0,1.4476177941285937
20171128,-270.0,11.740102300681523
20171201,-31.7,-20.047336409718753
20171204,-6.7,-0.9195371210146475
20171205,-205.0,9.267119115357835
20171206,-165.0,-1.4670286910413357
20171207,48.3,-0.8004644949970215
20171208,-240.0,13.858976576697374
20171211,-180.0,-10.379477070071824
20171212,-170.0,-66.20399274281857
20171213,-155.0,-1.337498268975733
20171214,-140.0,1.1955772143391528
20171215,-101.7,0.7364362598072431
20171218,-140.0,1.000025504419458
20171219,-140.0,14.756453659496882
20171220,-105.0,0.17954224352923476
20171221,-85.0,-22.85511930125671
20171222,60.0,0.21484985609118976
20171226,305.0,-13.443474785348235
20171227,295.0,-7.8876411665652135
20180105,-110.0,-17.995200828255783
20180109,-180.0,0.5070974923375204
20180110,-165.0,-0.5994039224744683
20180111,-85.0,-0.8168732240747214
20180112,-120.0,6.543079953296503
20180115,-30.0,1.2341857413587356
20180116,0.0,0.4241603817687168
20180117,-80.0,-14.704260971516138
20180118,-65.0,5.956434875424872
20180119,-140.0,-10.323997580955528
20180122,-95.0,-140.60676446090963
20180123,71.0,0.9500312543546776
20180124,262.0,0.5473360202859554
20180125,-55.0,1.2582658754019973
20180126,-5.0,4.037765495620825
20180129,35.0,-79.32781958116595
20180130,279.0,-79.8664311857413
20180131,955.0,40.00938307849492
20180201,990.0,-0.5552430030001558
20180202,1175.0,-0.45456829113338104
20180206,-140.0,45.76272834718099
20180207,125.0,0.5625352616977801
20180209,-430.0,0.652579965089863
20180213,-100.0,0.3493399920745184
20180214,-10.0,-0.25389397610259895
20180215,70.0,-203.09403821030693
20180216,-40.0,-239.66106098545484
20180219,25.0,1.2787358349937812
20180220,-130.0,-90.19875820280558
20180221,-145.0,-123.17665703125144
20180222,35.0,-0.08194968552708223
20180223,95.0,0.39710596742056203
20180226,427.0,1.322693760389506
20180227,677.0,1.0618819811951168
20180301,90.69,-38.40778929132747
20180305,-75.0,-29.47597998729503
20180308,-220.0,-86.02125073052937
20180312,40.0,-22.427984157548455
20180319,550.0,-96.40715403390843
20180320,190.0,-71.88427174553124
20180322,270.0,-212.2876705437976
20180323,130.0,-42.009654369339955
20180327,-60.0,-55.386313514312036
20180328,195.69,-49.95231993120777
20180329,-80.0,-0.4956121016079891
20180330,-265.0,-0.7511881992938811
20180402,-95.0,0.7736807815057547
20180403,90.0,-48.49637054118872
20180405,-125.0,-51.89133166846628
20180406,-245.0,-27.038649672065247
20180410,-170.0,-12.411506096524981
20180411,-220.0,-26.647320912228615
20180412,106.77,29.16773809960507
20180413,-48.23,-18.938964245919475
20180416,-80.0,-199.63116552005027
20180417,-85.0,0.256495564613665
20180418,51.77,0.6573720801294461
20180419,-125.0,3.7857249092394456
20180420,-90.0,5.382933922126464
20180423,-50.0,-6.350849767171321
20180424,-130.0,-16.09228341856489
20180425,-96.0,-4.39326162322775
20180426,-227.0,-12.558923937461605
20180427,-260.0,-16.269320325501873
20180501,-170.0,-46.44263520724286
20180502,-165.0,0.5285818076357213
20180507,-25.0,0.977255821334534
20180508,-85.0,34.06646830303568
20180509,-25.0,-1.8411863068731233
20180510,40.0,-24.16593727437221
20180511,20.0,-44.43104730125563
20180514,-55.0,-51.628583905680884
20180515,-60.0,-116.66251494840557
20180516,-5.0,-25.114654274832088
20180517,65.0,-104.6931145601487
20180518,115.0,-16.40461826427612
20180521,223.0,-22.358467299404378
20180522,258.0,-23.2027885340752
20180523,495.0,-36.623270298371544
20180524,181.0,-49.89351808758773
20180525,-185.0,-22.606268160370846
20180528,-215.0,-37.396688209263246
20180529,-112.0,-13.1465865488566
20180530,-35.0,-20.13361243572111
20180531,138.05,0.7068271269341091
20180601,153.05,-39.26765333781369
20180604,65.0,-46.83351631505642
20180605,20.0,-48.28743682321789
20180606,10.0,-4.648768172192688
20180607,-100.0,2.334010903614264
20180608,-115.0,6.470323277279916
20180611,-110.0,-3.5333989797336742
20180612,200.0,-3.3158644484830995
20180613,-5.0,-29.806285115857847
20180614,10.0,-0.044711391407983025
20180615,35.0,-0.9607670160064229
20180618,120.0,-3.192480925152356
20180620,-95.0,-3.4968857356863325
20180621,-65.0,-121.94655653099205
20180622,115.0,-88.24673245122005
20180625,378.0,0.06981795050672066
20180627,165.0,-27.68429008481329
20180628,57.0,-37.02033083286295
20180629,165.0,-34.666480765858566
20180702,142.0,-0.2850551808318621
20180703,-270.0,-30.22474612949927
20180706,70.0,-0.44564007505374437
20180709,130.0,-2.8630587232100955
20180710,175.0,2.078039718154283
20180711,155.0,-0.7717224334955183
20180712,180.0,-30.290487035171672
20180713,110.0,-17.72017605670223
20180717,-105.0,-56.529221402805995
20180718,-65.0,-95.53986542050956
20180720,-100.0,-8.037555593127898
20180723,-155.0,-6.223174676444823
20180724,-170.0,-1.1455774529697687
20180725,-155.0,0.47540888626148214
20180726,-172.0,1.0460514761045412
20180727,-209.0,1.1893582269150251
20180730,-292.0,0.37615361303190886
20180731,-232.0,-7.97725251492328
20180803,185.0,-5.252346812767188
20180807,-45.0,65.18909011292412
20180808,290.0,1.7133760688543238
20180809,25.0,0.0002784449109786147
20180810,50.0,-57.543797156785864
20180813,-180.0,-0.547643996741034
20180814,-95.0,2.4204657010463797
20180815,-155.0,0.8336642471283477
20180816,-16.0,-12.966757505817048
20180817,-105.0,9.371211368505822
20180820,97.0,-13.367684330215521
20180821,137.0,-56.25188455301939
20180822,218.0,3.746262341706783
20180823,121.0,-1.3807949458210151
20180824,114.0,0.08735478145585052
20180827,-95.0,-18.31197984534683
20180828,37.0,-4.158947392774467
20180829,4.0,-7.662709341924453
20180830,91.0,7.697270231911207
20180831,-49.0,0.4864693819111695
20180903,186.0,1.136639508418463
20180904,-182.0,-0.22743068422506194
20180906,30.0,1.2360926831084142
20180910,120.0,-1.592138180837702
20180911,10.0,1.5699070056461868
20180913,194.0,1.2327542097783541
20180914,255.0,-1.2089011615303487
20180918,245.0,-3.524374368313728
20180919,-90.0,-8.735788291072383
20180920,39.0,0.337916133101253
20180921,-11.0,-0.01760836047039946
20180925,-120.0,-0.36909571481622866
20180926,117.0,-0.45726421727101985
20180927,-97.0,-1.3812616826694744
20180928,79.0,-1.3655239530756402
20181001,109.0,1.2026256034287148
20181002,99.47,-0.06993170656508574
20181003,130.0,0.445694622784203
20181004,140.0,0.6504240826363834
20181005,365.0,0.7305022369717442
20181009,330.0,-2.9534838330224167
20181010,355.0,0.9205532693840905
20181011,150.0,0.9614351702224112
20181012,-220.0,0.9225554124480985
20181015,-225.0,0.5987593971702522
20181016,-10.0,0.045094104681698305
20181017,45.0,0.9313554582632027
20181018,164.47,0.8575079602561644
20181019,374.47,-24.52484114059331
20181022,419.47,0.8729510494948532
20181023,454.47,0.32354994451019825
20181024,290.0,0.8686560943731202
20181025,-360.0,1.1308870040670316
20181026,-240.0,0.43336941644327986
20181029,-130.53,-5.374423027709561
20181030,160.0,-0.787629105914724
20181101,-125.0,0.43239346291595576
20181105,-340.0,1.1090199302259096
20181106,-345.0,1.5461360467452028
20181107,-195.0,1.1077992527177138
20181108,85.0,1.0924496556549332
20181109,200.0,0.441171943817652
20181113,25.0,0.6167013486110842
20181115,-270.0,34.06133704639163
20181116,10.0,-5.000218243540346
20181119,-25.0,0.5898669491701547
20181120,5.0,-0.11996875508167809
20181121,130.0,0.25750553706153934
20181122,195.0,-6.890427014455109
20181126,175.0,-3.7506187537440674
20181127,151.0,-1.2583550028661579
20181128,126.0,-0.20117319618354862
20181129,22.0,-14.141438939277634
20181130,15.0,-15.490151816209163
20181203,352.0,-45.263957083585936
20181204,325.0,-26.06847413270902
20181205,-100.0,2.9261150010039514
20181206,-165.0,4.8515578963752635
20181211,-100.0,9.680270422489624
20181212,338.0,0.05805084935993751
20181213,150.0,-0.21548291384908858
20181214,231.69,0.7261133313332171
20181217,443.0,-4.089212239771988
20181218,445.0,-1.7547769764061518
20181219,350.0,0.3406195595422332
20181220,854.0,1.3300589503154736
20181221,240.0,0.5117340012488126
20181225,-475.0,0.49788222248983294
20181226,70.0,-1.8307033080924875
20181228,-375.0,-0.18047634234615484
20190107,-253.98,1.030605742457343
20190108,-270.0,0.6852372909262461
20190109,-180.0,1.1262536425534946
20190110,-130.0,124.53933073783409
20190111,-105.0,349.3242601609042
20190115,-25.0,-33.60839822620365
20190116,-255.0,1.0724839717743473
20190117,-165.0,1.1214694513151766
20190118,-180.0,67.00039081505355
20190121,-120.0,-41.6718241545712
20190122,-145.0,-5.335090472729063
20190123,-150.0,83.08574246222608
20190124,-75.0,118.36618087209816
20190125,-217.0,8.667352288053491
20190128,-271.0,-49.338968263533616
20190129,-97.0,147.64109292997617
20190130,-220.0,153.25403049149784
20190131,-100.0,195.48785486966668
20190201,-165.0,133.9745860018095
20190204,-60.0,-9.942948698777826
20190205,-50.0,3.4497226625854847
20190207,70.0,240.83254276910878
20190208,220.0,62.501052123905446
20190212,255.0,-20.716595745231253
20190213,-15.0,211.34620486069747
20190214,-85.0,264.0465233394358
20190215,44.0,11.18815478165778
20190218,-96.0,-1.924650131888592
20190219,-115.0,0.4578375762300503
20190220,-250.0,20.03261702952147
20190221,-162.0,17.77105703403202
20190222,-54.0,0.7641999072352985
20190225,-196.0,-0.4347438525552597
20190226,-208.0,-0.20209239682050784
20190227,-20.0,-0.14607594015150632
20190228,15.0,311.6124376931009
20190304,505.75,-27.728584645898557
20190305,275.0,194.1686692756099
20190306,297.75,285.7423487669962
20190307,-160.0,4.777322532315442
20190308,-210.0,9.585197328695314
20190312,-180.0,1.8752720986852025
20190313,-185.0,0.07594601572786436
20190314,-20.0,1.7543676555501375
20190315,-95.0,2.1704800623757863
20190319,28.0,2.352852842003704
20190320,-55.0,2.2912476635955734
20190325,45.0,-0.7356616752011769
20190326,156.75,6.702307013375106
20190327,-36.0,4.155063595776031
20190328,97.0,3.8247282661757636
20190329,122.0,42.976783971871704
20190401,-143.0,-0.13129911395533672
20190402,-186.0,213.58320818037103
20190403,-115.0,189.69134140391134
20190404,-170.0,82.51214946285202
20190405,-20.0,289.4364638104751
20190408,-23.09,166.06550749406762
20190409,61.91,282.923927370548
20190410,111.91,70.86999364060341
20190411,194.91,163.07711313474024
20190412,14.0,336.41173374335085
20190415,-130.0,1.7961006521842637
20190416,-115.0,325.6904191643998
20190417,-95.0,221.0147761241566
20190418,-105.0,6.10902129307684
20190419,-148.0,1.4393806079586606
20190422,224.0,1.4342735639801918
20190423,130.0,1.3463458594101458
20190424,230.0,0.7301092969637866
20190425,55.0,1.3012318830630782
20190426,95.0,281.050371182358
20190507,120.0,-36.71305505748055
20190508,145.0,30.164199939953374
20190509,125.0,21.260589884944498
20190510,-5.0,0.590627225741937
20190513,-330.0,1.19544870338929
20190514,-220.0,0.9207767262358995
20190515,-240.0,1.2622324057739203
20190516,-160.0,-4.1421225219373525
20190517,-180.0,-2.00333005849968
20190520,-205.0,-0.7453522602616982
20190521,-135.0,169.9916182835578
20190522,-15.0,1.0504996746206694
20190523,27.0,1.1994986110094397
20190524,64.0,-4.3509428936503625
20190527,239.0,28.11818226349184
20190528,249.0,17.624907073672276
20190529,209.0,153.03004606002506
20190530,90.0,377.17623145512255
20190531,-158.0,257.10936702003335
20190603,-15.0,147.79932538063738
20190604,140.0,0.9850322095854056
20190606,-75.0,11.060990367786136
20190607,-110.0,6.2144131022512274
20190610,-155.0,-11.177166186671377
20190611,-110.0,247.2575229976246
20190612,-100.0,255.85185462134444
20190613,-105.0,0.4585104869460559
20190614,-140.0,94.79902990248544
20190617,-85.0,65.33420786280823
20190618,-90.0,212.9513296914985
20190619,-105.0,0.4210607319779124
20190620,-60.0,0.3233440309461524
20190621,-120.0,0.8796684711814236
20190624,33.0,-0.09294250541703766
20190625,-72.0,263.4222545004293
20190626,110.0,113.63821365120737
20190627,145.0,2.2071173220503177
20190628,-109.0,0.8256769843012384
20190701,-232.0,1.0718389682157328
20190702,-160.0,1.9406500535727766
20190703,-150.0,137.12993283509
20190704,-195.0,243.85823984345564
20190705,-160.0,170.7166845109291
20190708,-200.0,87.88567522605885
20190709,55.0,0.28733768982479374
20190710,-55.0,-0.31610812557427564
20190711,-115.0,135.345854148325
20190712,-35.0,-0.048598722941668726
20190716,-25.0,-5.357157800126829
20190717,85.0,179.0810282584339
20190718,35.0,0.2476691330178676
20190719,304.99,0.4324666098338212
20190722,79.0,-0.11290630930431018
20190723,-25.0,274.9113113792292
20190724,-55.0,64.70937332704892
20190725,233.0,-4.700739349124529
20190726,454.0,183.82392133908695
20190729,541.0,0.4762459264606685
20190730,541.0,1.1417488067781305
20190731,295.0,259.0123418741178
20190801,655.0,1.5279808201203469
20190802,235.0,46.0779309981426
20190805,250.0,134.3068633953569
20190806,-180.0,1.2255196336132403
20190807,-140.0,1.2367642143202893
20190808,-155.0,1.0306669802493569
20190809,-180.0,174.01328506463983
20190813,-190.0,-3.8688926259569145
20190814,-200.0,1.1285076635463525
20190815,-195.0,303.9155877532116
20190816,-215.0,134.23893758314944
20190819,-200.0,114.30095546720764
20190820,-150.0,217.72080989088477
20190821,-130.0,-34.44085309547033
20190822,-105.0,1.2223485406582757
20190823,-110.0,1.4188722708580206
20190826,-190.0,1.1752417090846192
20190827,-205.0,-12.14334408782618
20190828,136.0,-5.073412813944482
20190829,167.0,21.180394691505597
20190830,113.0,-0.4497087225784184
20190902,128.0,0.8686717536022507
20190903,188.0,1.2696627484951504
20190904,80.0,0.18298062407275537
20190905,55.0,-0.1924256461802809
20190906,30.0,-0.6514724867029952
20190909,95.0,-29.646155492351074
20190910,135.0,0.356253832766584
20190911,100.0,1.0401314992472983
20190912,-65.0,226.300284935271
20190913,-105.0,-0.04338327660848956
20190917,-120.0,-3.813979607114124
20190918,-100.0,0.9109575383202055
20190919,-95.0,68.53675899921161
20190920,-116.0,157.63790901337762
20190925,125.0,61.57332503990809
20190926,503.56,163.5659128024624
20190927,92.0,0.7763399438730985
20190930,-191.0,-0.44636036433320664
20191001,154.0,124.52828668604397
20191002,-85.0,213.12724590735127
20191003,-50.0,178.15558628925135
20191004,216.93,121.84669924406967
20191007,100.0,-1.938823523299594
20191008,125.0,0.664626920676334
20191009,202.93,0.17308988921545634
20191010,120.0,0.006227277739687925
20191011,171.0,0.48927195263406364
20191015,10.0,3.2643873285612686
20191016,-90.0,0.9026365648393664
20191017,-71.0,0.05185105064939277
20191018,-5.0,0.27092355073173413
20191021,-63.0,-0.5916757605770139
20191023,-86.0,49.9095924021319
20191024,-205.0,0.0039831379919473275
20191025,14.0,0.4256142217951182
20191028,65.0,0.3602983140852374
20191029,-30.0,1.3610159516304303
20191030,45.0,0.5605640359851735
20191101,170.0,1.9438153149502202
20191105,-15.0,150.59172425811232
20191106,-65.0,217.42979940000592
20191107,-100.0,301.6766541426049
20191108,-130.0,248.239985051996
20191111,-125.0,-4.825203886570412
20191112,-105.0,0.6423985823680147
20191113,83.0,0.39596607930739564
20191114,-55.0,-0.14037763443472878
20191115,-105.0,-0.028211305235532114
20191118,-100.0,-1.8804873298045142
20191119,-100.0,124.94512205292321
20191120,-45.0,5.740465280440279
20191121,-110.0,8.985703436936218
20191122,46.0,-2.486240201507418
20191125,-115.0,1.395380833092339
20191126,36.0,-0.26615359195851507
20191127,-90.0,-141.7714172464494
20191128,-95.0,1.023719461923843
20191129,-120.0,1.1721245601410024
20191202,-160.0,2.2082013822743445
20191203,-202.0,117.6535724990056
20191204,-10.0,94.44667445180258
20191205,230.0,168.22893122659886
20191206,5.0,54.758785717751316
20191209,-25.0,-8.347334069551929
20191210,55.0,264.6359828435583
20191211,65.0,0.042093385844116205
20191212,-5.0,1.0061044215990425
20191213,-200.0,0.7488873116989219
20191216,-125.0,0.6337620380476571
20191217,-27.0,1.2531532982940763
20191218,-105.0,93.47969649238122
20191219,-110.0,56.80622732750368
20191220,-85.0,0.10765332375166017
20191223,271.0,54.49605845190736
20191224,81.0,403.4170503368642
20191225,163.0,421.3599321903574
20191226,40.0,0.8395950227846432
20191227,170.0,1.1348240108994807
20191230,55.0,39.45119821784709
20200106,114.71,-0.9780283027170287
20200107,139.71,331.1561298922947
20200108,35.0,35.90203241208974
20200109,10.0,0.6234014497278779
20200110,-175.0,170.6215208630645
20200114,-150.0,103.91071574518688
20200115,-115.0,-0.12075193429340336
20200116,-115.0,1.8955329369187923
20200117,224.0,1.5171293514642459
20200120,284.0,0.7877451325939127
20200121,299.0,0.5609340036341017
20200122,297.0,1.3900982456215774
20200123,322.0,1.2245727005131521
20200124,332.0,0.6828523969324399
20200127,-45.0,47.28690701652794
20200128,-225.0,345.7238273978714
20200129,-31.0,1.0321792854679546
20200130,77.0,0.9091275248309109
20200131,191.0,1.8737293227190317
20200203,452.0,-1.0289381959271282
20200204,340.0,373.8413478254062
20200205,95.0,1.241133409827644
20200206,-195.0,1.4913013164035667
20200207,25.0,61.64258993690605
20200210,-180.0,0.6486325176462457
20200212,-185.0,1.2817074936175037
20200213,-40.0,1.6041787005814285
20200214,755.0,3.0622348144609317
20200217,607.0,1.0270706938048195
20200218,559.0,0.9035441191627557
20200219,539.0,0.8196226933478197
20200220,666.0,1.906445454967772
20200221,499.0,1.6990683688743031
20200225,80.0,2.0547955110245444
20200226,380.0,203.5971973186499
20200227,610.0,307.08168808129676
20200228,180.0,310.13299998205787
20200302,-385.0,-28.326706096853957
20200303,-40.0,206.0039231019117
20200310,1130.0,495.98912679975433
20200311,570.0,0.14706247735029496
20200312,861.17,2.9590527268017626
20200319,290.0,0.8700881214999157
20200325,130.0,282.39808109966896
20200326,-475.0,2.5559075092197077
20200327,-290.0,2.8848748892249945
20200331,15.0,41.045041610725235
20200408,-146.31,0.4866674645475928
20200410,-330.0,0.5877604989270261
20200413,-275.0,-4.296809692329191
20200414,-50.0,3.25636706981098
20200416,-275.0,0.8547796961743487
20200417,-380.0,1.0567699191496347
20200420,105.0,0.159550765490789
20200421,-246.0,162.32580169519127
20200422,-186.31,189.87890460493068
20200428,-160.0,-37.16066982012964
20200501,-80.0,335.85920135230157
20200507,65.0,-2.5644723003356082
20200508,-105.0,-0.0332588827493297
20200511,-120.0,0.5158205565879932
20200512,-140.0,4.2618554546405
20200513,-105.0,4.646692304199273
20200514,-155.0,-0.2008994614731749
20200515,-135.0,2.682133555202143
20200518,-75.0,0.9583614920409376
20200519,130.0,0.8075231877548424
20200520,115.0,0.7899605072268618
20200521,130.0,0.9907960260902933
20200522,240.0,-0.003010740163185255
20200525,265.0,-1.0899227180155622
20200526,485.0,1.333869807735654
20200527,215.0,1.135340597899135
20200528,185.0,0.7045455062030466
20200529,220.0,0.35213814303113516
20200601,280.0,0.6606195896441696
20200602,265.0,1.725942233989954
20200608,360.0,1.89070409368331
20200609,425.0,0.9618986902736539
20200610,380.0,0.04935382455796683
20200611,492.6,1.1915669354361151
20200612,-250.0,-0.17712728672677408
20200615,-187.4,-3.4386764299451253
20200616,125.0,1.3994075600523244
20200617,-415.0,0.8592818705817391
20200619,-310.0,0.27588592976677395
20200622,-385.0,-9.061847401118488
20200624,-290.0,-12.68301994600183
20200625,-445.0,80.2508049741496
20200626,-357.0,-53.02433472700232
20200629,-392.0,-1.0087283090991785
20200630,-367.0,-141.5298459953319
20200703,-85.0,-127.96759250699102
20200706,-70.0,-128.37635502732783
20200707,-120.0,-1.0635226177507293
20200708,-105.0,-0.8359007524772404
20200709,-120.0,-64.94534900066259
20200710,-210.0,-135.86197423464293
20200713,-220.0,-15.489440430791106
20200714,-225.0,-125.76778486105876
20200715,-265.0,-141.45898648737264
20200716,-325.0,-0.101100703628074
20200717,-265.0,-0.40610676562924963
20200720,-230.0,-2.055310670489501
20200721,188.0,-0.21292919698602358
20200722,208.0,-0.017076650479235567
20200727,-83.0,-0.56915489403484
20200728,110.0,-171.65125679336563
20200729,22.0,-123.26290316222446
20200730,62.0,-21.808706343244637
20200731,-83.0,7.0103467893806055
20200803,60.0,-147.00368778834536
20200805,115.0,-143.12353813856367
20200811,230.0,-151.9274921314472
20200812,105.0,0.6380488274258922
20200813,-130.0,-0.22021063522307066
20200814,-100.0,-0.2364688764433303
20200817,-135.0,-1.8110890127551338
20200818,-145.0,-0.07762532707955516
20200819,-120.0,-0.8409505920365699
20200820,-110.0,-0.7880391993064946
20200821,-80.0,0.162447434113393
20200824,-130.0,-2.0586874118972696
20200825,-190.0,-0.164216927940972
20200826,-95.0,0.014123116131275537
20200827,-130.0,0.012694024045779517
20200828,-235.0,-112.55848408564698
20200831,-260.0,-5.511624080395051
20200901,-270.0,2.843014384017423
20200903,20.0,-71.45951753433351
20200904,-330.0,0.01704544734026875
20200907,-280.0,1.3931111794040456
20200908,-270.0,-89.82666396143543
20200909,-260.0,35.19644653830088
20200910,-240.0,-175.2231553360156
20200911,-255.0,1.0203101341026675
20200914,-105.0,-1.0967186188595845
20200915,-105.0,0.18377121357005344
20200916,-195.0,0.5067976642796075
20200917,-230.0,-0.33812379193206304
20200918,-260.0,0.25636088917680366
20200923,-220.0,-0.34676351928253574
20200924,-170.0,0.0866755097251373
20200925,-225.0,1.466926440608331
20200929,-275.0,-40.55783394636092
20201001,-160.0,20.71668736977418
20201005,-310.0,-175.60210842321123
20201007,-235.0,12.43610090700585
20201008,-200.0,-12.671180075397821
20201009,-180.0,-0.17002702290616553
20201012,-85.0,31.32307291579997
20201013,-35.0,-69.81712539450176
20201014,5.0,-39.13188968491587
20201015,-35.0,-71.54097167517386
20201016,-90.0,-100.22061816124993
20201019,-100.0,114.79214766971408
20201020,-50.0,0.2251708329606288
20201021,50.0,-79.40462011043975
20201022,95.0,30.204455086850846
20201023,-20.0,-45.15492920938549
20201026,25.0,-32.83714502833233
20201027,-7.0,0.47359020446261224
20201028,116.0,0.34929656259815445
20201029,97.0,124.1934924763731
20201030,175.0,-88.62669319047858
20201102,90.0,-59.441933629039255
20201109,40.0,2.626422426025809
20201111,135.0,78.85954778277883
20201112,95.0,79.21043027403636
20201113,205.0,0.5051898649579145
20201116,360.0,52.74820496952916
20201117,-40.0,17.824969089114127
20201118,25.0,-96.86673254683849
20201119,390.0,-0.7630177403923901
20201120,430.0,9.336148114921043
20201124,150.0,-160.20104854999224
20201125,-220.0,68.57511613788259
20201126,100.0,0.16766121498632167
20201127,-320.0,0.10281767991836968
20201130,-219.0,10.574859101880909
20201201,-330.0,0.030173030035347437
20201204,-230.0,-196.8888875545608
20201208,-110.0,-72.29095666892432
20201209,-175.0,-21.56406950751946
20201210,-270.0,1.3064361953407584
20201211,-260.0,0.8849066268854852
20201214,-180.0,5.113202608507245
20201215,-175.0,-69.7357493423848
20201216,-205.0,-45.68931287092219
20201217,-210.0,-261.6177065027338
20201218,-200.0,-169.23796432734008
20201221,-10.0,-102.00318468688154
20201222,322.0,66.52464696329804
20201223,163.0,-72.63847042003742
20201224,228.0,0.9084924201676243
20201225,223.0,1.0975379858165588
20201230,70.0,0.6198106419386664
20210107,213.77,53.8282610551805
20210108,265.0,120.88389008044977
20210112,155.0,77.30175106814306
20210113,105.0,-3.3614670521605796
20210114,-235.0,-0.04989244470159379
20210115,85.0,0.46327906088811666
20210118,-45.0,-71.93841170379167
20210119,-290.0,24.637198965430304
20210120,-105.0,-1.5629699686378926
20210121,-65.0,-170.17060123084744
20210122,50.0,0.31368197273537496
20210125,110.0,-1.4172881649655786
20210126,145.0,-17.04045381491608
20210127,135.0,-8.879175603275916
20210128,-195.0,0.3615283563947414
20210201,-40.0,0.7812281861075925
20210203,210.0,-28.16998267035015
20210204,250.0,0.6381071032028806
20210205,280.0,1.059669386260357
20210208,20.0,1.6693794512152902
20210210,225.0,9.869304658993949
20210212,120.0,-103.0525666311858
20210215,130.0,-0.8696264817492901
20210216,-310.0,-71.05293795921843
20210217,130.0,81.09441942637578
20210218,130.0,-180.30588532226497
20210219,-160.0,1.1267380739906554
20210222,240.0,-38.1472320326967
20210224,-90.0,-36.21102819475779
20210226,-13.0,0.6536010320234287
20210301,-195.0,0.8466797447965211
20210302,168.0,2.7488781488678224
20210303,275.0,54.913439178389005
20210304,-265.0,0.6918725411414945
20210305,-275.0,123.61674871570882
20210309,-150.0,79.69932676634035
20210310,-80.0,-17.545295675923846
20210311,45.0,69.53512241992053
20210312,10.0,-122.72326232876341
20210315,-30.0,17.043277876613487
20210316,476.0,-0.2561082021109596
20210317,406.95,-5.932608724334418
20210318,220.0,-11.62598174264361
20210319,182.95,0.8270727880446875
20210322,375.0,-0.4314721718640983
20210323,225.0,-0.6859609876003421
20210324,-20.0,1.1810583444045573
20210325,35.0,180.71482465486267
20210326,-47.0,60.63581089084866
20210329,-125.0,-17.735369643362834
20210330,77.0,-17.35017233114331
20210401,105.0,-29.35221576123853
20210402,-40.0,-99.25452618864327
20210406,-71.78,1.9284696260983922
20210407,-320.0,32.51751225745935
20210408,-270.0,19.910433903454994
20210409,-190.0,43.380294220167464
20210412,50.0,11.143305577328807
20210413,325.0,-52.87043789681454
20210414,425.0,-0.5753008081305772
20210415,375.0,59.736243999418825
20210416,465.0,-22.81063514003633
20210419,475.0,142.66526522997216
20210420,110.0,1.2171411699786872
20210421,-106.78,0.9433986006795332
20210422,-220.0,1.5006284329956683
20210423,-380.0,-8.769582011590426
20210426,-291.0,-5.646355757177038
20210427,-350.0,-0.6395018481029411
20210428,-360.0,21.18006219007307
20210430,530.0,-176.62832959115468
20210506,540.0,14.552861275318193
20210510,575.0,0.9554955904923799
20210511,75.0,0.46760894464582203
20210512,330.0,113.89174513628649
20210513,-235.0,111.02077916940195
20210514,-40.0,-130.0308447137404
20210517,-230.0,1.102359746917456
20210518,-110.0,1.9042908381080832
20210519,-425.0,125.32093425419845
20210520,-60.0,110.98476748194054
20210521,-105.0,-70.03289317603704
20210524,-10.0,10.450503003586496
20210525,-155.0,0.5135338520181185
20210526,40.0,1.5397004512352779
20210527,-130.0,1.3789380339078687
20210528,-215.0,52.268806026225825
20210531,-300.0,1.503350866920985
20210601,-385.0,1.34862114296269
20210602,-225.0,21.822847687816758
20210607,-325.0,1.0220562412006982
20210608,-290.0,0.9773938972199913
20210609,-195.0,0.872707880821886
20210610,84.87,1.2819960979510192
20210611,355.0,2.653732352604151
20210614,285.0,1.1293904478256225
20210615,639.0,340.4356702876781
20210616,619.0,1.011469902031489
20210617,225.0,1.3994648127024436
20210618,345.0,-27.805985875193187
20210621,-150.0,88.32637377748908
20210622,-60.0,92.55815603368487
20210623,-315.0,0.5849633750152357
20210624,-285.0,185.7754169262202
20210625,-80.0,29.923662888462125
20210628,-61.0,62.40241796223552
20210629,158.0,332.4484086712801
20210701,108.15,23.454288196053078
20210702,290.0,-78.87627376866041
20210705,330.0,-0.1575844686730028
20210707,130.0,0.7163825448910606
20210709,80.0,0.247578682738535
20210712,20.0,8.124049111136403
20210713,175.0,144.3754293651809
20210714,315.0,0.7312063565107928
20210715,65.0,1.3033380200779077
20210716,80.0,152.31237973382838
20210719,-305.0,-66.64197133596312
20210720,-25.0,6.119148787684045
20210721,-310.0,63.68178753049356
20210726,-170.0,201.77422543701505
20210728,-390.0,67.68666065569461
20210729,-355.0,66.58014074842995
20210730,-331.0,0.18168576736029463
20210802,-166.0,-16.293272050879793
20210803,-65.0,51.10646921661434
20210805,-40.0,1.5545144604425563
20210806,-255.0,2.242549967084337
20210810,-130.0,-38.39903499650149
20210811,-80.0,6.139778932419386
20210812,-105.0,39.83448317382551
20210813,-30.0,136.38450850502468
20210816,5.0,-4.730453820131929
20210817,-210.0,158.4667551196827
20210818,-165.0,-21.099436721387537
20210819,-175.0,9.8812160344089
20210820,-30.0,5.6185634599731324
20210823,45.0,-8.215933187398173
20210824,99.0,-7.4995823986812855
20210825,132.0,228.22750381858353
20210826,150.0,-2.846528146501176
20210827,229.0,-1.2232290229176717
20210830,145.0,168.04277649206662
20210831,335.0,193.90424806938174
20210902,475.0,103.58110041802864
20210906,20.0,330.12413377324646
20210907,-115.0,-3.385276485528226
20210908,-50.0,-1.4353171893021541
20210909,-80.0,-1.9407102238244565
20210910,-185.0,0.03746319419781413
20210913,70.0,15.256492043268803
20210914,56.61,-24.252968266412545
20210915,255.0,2.898046979224488
20210916,211.61,4.6539008079589905
20210917,265.0,3.2245937001962592
20210921,-300.0,-0.9970367171507382
20210922,-210.0,4.475211242091627
20210924,25.0,118.46149717063538
20210927,255.0,135.4239960823692
20210928,75.0,391.40486589496294
20210929,28.47,124.09297439229009
20211004,420.0,113.73936087878064
20211005,-410.0,183.3909293796861
20211006,-295.0,1.0396631557759424
20211008,40.0,0.0956052939396026
20211011,110.0,-3.475455704678407
20211012,-130.0,-3.2911611747950165
20211013,150.0,2.4712544935889413
20211014,65.0,10.302915826326043
20211015,-50.0,153.06887714004284
20211018,-145.0,8.222151994026897
20211019,-75.0,6.9656819561340555
20211020,-5.0,50.83137432351458
20211022,140.0,-0.04077448768781944
20211025,65.0,0.6019258335769025
20211026,-11.53,0.1917337915905375
20211027,167.0,-36.11599244562128
20211028,43.47,49.80658214119686
20211029,120.0,60.35777329931136
20211101,-35.0,97.32886609402239
20211104,55.0,37.737909789392994
20211108,25.0,148.2550732015002
20211109,0.0,12.42331050909326
20211110,15.0,140.10953078957047
20211111,60.0,-82.50015789633028
20211112,-80.0,59.21825965286881
20211115,-245.0,-7.111467200185192
20211116,-205.0,1.0647189834519146
20211117,143.0,1.1106100870928275
20211118,430.0,-0.6220416231797006
20211119,403.0,-1.2647128209832843
20211122,443.0,-2.577279967162745
20211124,513.0,1.4354036605566036
20211125,515.0,141.83979512964203
20211126,295.0,338.60936219682657
20211129,-125.0,-8.295189077819062
20211130,205.0,108.98839084878338
20211206,47.17,4.420238792420131
20211208,-310.0,-66.79825520778462
20211210,-185.0,0.38501632810129416
20211213,-70.0,2.9547884531500905
20211214,-150.0,22.66550918408506
20211215,-65.0,-0.2567871025460386
20211216,315.0,40.429746519353856
20211217,345.0,0.4264633213507121
20211220,-120.0,0.31077181492424744
20211221,-125.0,0.4695496787379892
20211222,-305.0,85.51203333092077
20211223,-220.0,7.697083711042635
20211227,-22.83,26.27892404431619
20211228,-255.0,0.5153338963509624
20211229,173.0,0.5397833251554074
20211230,-420.0,117.45856535921902
20220112,95.0,83.90031510813407
20220114,110.0,1.1107507982582283
20220117,125.0,1.1933665317831
20220118,205.0,134.72976207066225
20220119,15.0,105.19191231622514
20220121,-220.0,172.19914564961465
20220124,-165.0,-2.1452318791578584
20220125,-15.0,55.85207262494114
20220126,-155.0,49.311629133666514
20220127,-5.0,58.18056767892877
20220128,35.6,193.93261595109885
20220131,47.0,-0.7869578577111955
20220209,95.0,1.02842006923166
20220210,260.0,4.820588371731782
20220214,30.0,-2.8255524433080703
20220215,-50.0,128.36584440426466
20220216,110.0,34.79423068765382
20220217,25.0,57.383148042380775
20220218,210.0,8.885528864934301
20220221,-165.0,43.93877182340471
20220222,-435.0,0.638777598051343
20220224,-75.0,49.3484606461625
20220225,35.0,81.41801325769077
20220228,381.0,-0.192815319858953
20220301,588.0,-76.97970924623391
20220308,-110.0,224.75252053079305
20220311,20.0,3.463390561330468
20220315,255.0,3.4279963957351582
20220316,178.61,3.122119161829184
20220318,160.0,38.964732819752705
20220322,125.0,-3.4340896812863195
20220324,-10.0,32.005362272359534
20220325,-335.0,26.231155969544318
20220331,-75.0,6.971006308713159
20220406,165.0,150.87806087409243
20220407,-235.0,126.39913515847333
20220408,-113.76,251.78298029257743
20220411,-300.0,3.0882992456194116
20220414,-210.0,39.7223533941945
20220415,-5.0,50.99126070765951
20220418,-150.0,2.498880789781649
20220420,100.0,-89.2718940872042
20220421,115.0,38.772568213672194
20220422,105.0,-94.09986474745747
20220425,-375.0,-10.843429512451959
20220426,-390.0,136.67401817344447
20220427,-30.0,5.461571288922964
20220506,160.0,-28.44723608199421
20220509,155.0,12.976705312063816
20220511,-120.0,25.75465781605278
20220512,-55.0,2.0067194851286416
20220513,65.0,38.882017012607676
20220516,-295.0,-134.8694076554284
20220517,-235.0,7.37422860060885
20220520,40.0,-62.75512986871713
20220523,-325.0,-43.91344827853283
20220524,-320.0,9.343773019879494
20220525,-145.0,5.379282471621656
20220527,74.0,6.188310551136162
20220530,39.0,16.304517791318403
20220531,85.0,-20.91951314618015
20220606,120.0,44.38901905773181
20220607,210.0,-67.24136079399464
20220608,300.0,-226.8711065324885
20220609,820.2,154.98682879926838
20220610,190.0,59.80127572497392
20220613,195.0,-524.8934208957459
20220614,25.0,169.33011655410897
20220615,135.0,282.71984160910483
20220616,140.0,246.91820296436882
20220617,-325.0,115.72104674429346
20220620,-145.0,-58.56383180407569
20220621,-70.0,98.52691701461363
20220622,-300.0,0.3334841861934241
20220624,5.0,134.5388134404301
20220627,-69.0,-118.20764251597325
20220628,-19.0,-13.542253230606393
20220701,-105.0,93.1510347676606
20220707,420.62,-0.4749513407786869
20220708,-195.0,9.615639560981762
20220711,-60.0,182.5205708506498
20220712,-70.0,18.38367253332802
20220713,-65.0,-18.032691427775532
20220714,10.0,15.136690066572354
20220715,10.0,-116.28219834966794
20220719,125.0,-42.75536252119414
20220720,-175.0,52.96707691726179
20220721,-370.0,21.524809106550464
20220722,-330.0,106.52986000246017
20220725,-245.0,-10.304348851889996
20220726,-225.0,89.0773706749869
20220727,-200.0,0.6097634635263576
20220728,-300.0,1.164898707004135
20220729,-171.0,97.40782654979455
20220801,-265.0,27.714775995506784
20220808,90.0,3.789243488901974
20220809,15.0,-8.897375082201183
20220810,130.0,231.46004045711902
20220812,60.0,-93.52418138402908
20220815,-160.0,1.1563262012754603
20220816,-140.0,5.76951378891719
20220817,-105.0,0.4528344540134263
20220818,-125.0,-0.24621990882872063
20220819,105.0,-20.71443861117119
20220822,-135.0,-0.6769830870952709
20220823,-57.0,0.09930926728629574
20220824,-87.0,0.09009519245816197
20220825,87.0,14.228972551411161
20220826,-5.0,-48.08458915693804
20220829,-153.0,57.56635559256162
20220830,-63.0,165.07042570405636
20220831,-155.0,79.85271027429323
20220901,-90.0,279.64329355006186
20220906,40.0,-6.84750637663345
20220907,55.0,-95.43126917645554
20220908,75.0,79.1678819713167
20220909,65.0,20.320296537517862
20220912,80.0,-0.35748706511295836
20220913,110.0,116.65583879973548
20220914,40.0,26.267269098159524
20220915,137.17,-80.64274427060417
20220916,80.0,21.033348727896694
20220920,170.0,0.0722106535199119
20220921,280.0,181.06374743345984
20220922,330.0,115.05668797064726
20220926,290.0,-161.51013236860607
20220928,-75.0,163.8654988878723
20220929,-95.0,8.910076260567596
20220930,95.0,114.92656877690679
20221003,350.0,120.49550733568726
20221005,65.0,18.772212501247004
20221007,15.0,54.524197393576344
20221011,-125.0,-5.414922044045651
20221012,5.0,-114.06654781694075
20221013,40.0,44.772965471631466
20221014,-165.0,-24.770140740010085
20221017,-245.0,-24.77993126889197
20221018,-170.0,1.4284490758755208
20221019,-185.0,1.184158286583987
20221020,-240.0,0.055586577873373205
20221021,70.86,0.03968242474861619
20221024,-255.0,80.25232281901039
20221025,-195.0,-4.445831035351437
20221026,-390.0,0.8623484048364491
20221027,-405.0,0.8605205129221205
20221028,-40.0,0.8590722116231098
20221031,-340.0,-33.25854307083127
20221102,-105.0,-17.859092587675068
20221108,-85.0,-23.44537195764099
20221110,10.0,1.0155338756291048
20221111,-390.0,-9.933753230676695
20221114,-360.0,-692.3064997544872
20221115,-210.0,-81.24789045077601
20221116,-280.0,3.4981937127930753
20221117,-235.0,-0.44927639756496945
20221118,-265.0,-0.7659433961050082
20221121,-180.0,102.93622256434016
20221122,-135.0,-30.778898706392027
20221124,94.0,73.85039973799977
20221125,48.0,-124.06286996061954
20221128,-79.0,-20.787320552512334
20221129,-191.0,40.04247955044157
20221130,-80.0,-141.54322621786244
20221201,-20.0,63.8395740671096
20221202,-200.0,-125.28469717302256
20221205,-130.0,-97.74683427137259
20221206,-150.0,-0.11114894464235839
20221207,34.96,-167.31633125221833
20221209,-175.0,-158.29192280238047
20221212,310.0,-27.618429723299762
20221213,35.0,-147.1202405803046
20221214,75.0,-191.344050382048
20221215,170.0,-197.83090760470094
20221216,585.0,-0.12259814226818294
20221219,145.0,-5.791405483090828
20221220,225.0,-1.0310694220780166
20221221,-225.0,-150.23128496688122
20221222,-185.0,-85.92160137116888
20221223,-165.0,-174.59152341717535
20221226,-197.0,-59.99874585282424
20221227,243.0,-118.76993938199797
20221228,-215.0,-61.97930514871257
20221229,-292.0,-153.9597034744667
