Date,pred,proba,label
20170104,1,0.901849008444,0
20170110,0,0.33446598582595155,0
20170111,1,0.7881483496573132,1
20170112,1,0.628970744081312,0
20170113,0,0.25425237707177606,0
20170116,1,0.6954174230321667,1
20170117,1,0.6328236259303246,0
20170118,1,0.7750155002780231,1
20170120,1,0.5657126003824783,0
20170123,1,0.5650994085023264,1
20170124,1,0.5265247039102455,1
20170125,1,0.5638955005327986,0
20170126,1,0.6002484028204377,0
20170127,1,0.649694398484645,1
20170131,0,0.43339786462742347,0
20170203,1,0.7189901262466689,0
20170207,0,0.3859328676410989,1
20170208,1,0.5094622931276548,1
20170209,1,0.565620347482867,1
20170210,0,0.45390853850422425,0
20170213,0,0.36716076804543984,0
20170214,0,0.40657840026781933,0
20170215,1,0.5064083218147746,0
20170216,1,0.5881646126108023,0
20170217,0,0.4979884755274573,0
20170220,1,0.6408055567052254,0
20170221,0,0.3875853740092442,0
20170222,0,0.30851950149933904,0
20170223,1,0.7348816303144152,0
20170224,1,0.7697612103689467,0
20170227,0,0.378536550531053,0
20170228,0,0.48695002222493133,0
20170301,1,0.5441934278611728,0
20170302,0,0.3577643739463564,0
20170303,0,0.3566003666719983,0
20170306,1,0.6644509025821997,0
20170307,0,0.34695901333675144,0
20170308,0,0.4448779853052191,0
20170310,0,0.4257620388268008,0
20170313,0,0.3225808217022246,1
20170315,0,0.43086686622456527,0
20170316,0,0.370151267700657,1
20170317,0,0.3815793444839276,1
20170321,1,0.6555789530810999,0
20170322,1,0.5062777765823748,0
20170323,1,0.5838812889415199,0
20170324,1,0.5209682261922267,0
20170327,0,0.34088477674380796,0
20170328,1,0.7827243438453024,0
20170329,0,0.45654906802817846,1
20170330,0,0.3512497378464683,1
20170403,1,0.6247697199092362,0
20170404,1,0.6329613408945275,0
20170406,1,0.86305137198139,0
20170407,1,0.570136499249485,1
20170410,1,0.5431443905450996,1
20170412,1,0.8954538360244924,0
20170413,1,0.5209222974013821,0
20170414,1,0.763073135054536,0
20170417,0,0.06013037470141446,1
20170418,1,0.5012574059721323,1
20170419,1,0.5295711502652645,1
20170420,1,0.5473393994101026,1
20170421,1,0.6995060878404208,0
20170424,0,0.15163419474821999,1
20170425,1,0.5690022947936261,1
20170426,1,0.5329721151158013,1
20170427,1,0.6368551808894259,1
20170428,1,0.5606347761487064,1
20170502,1,0.5186686090494274,1
20170508,1,0.9975344113124223,0
20170509,1,0.555206390110254,0
20170510,1,0.5234958481624338,0
20170511,0,0.1666091304747349,1
20170512,0,0.22542662875938332,0
20170515,0,0.3472189907187761,0
20170516,0,0.11734799727949037,0
20170517,0,0.13775800945376707,0
20170518,1,0.7061588007476848,0
20170519,1,0.8987568708295598,0
20170522,0,0.3848208765967218,0
20170523,0,0.37190748728612866,0
20170524,0,0.4412918222019526,0
20170525,0,0.38490962293850134,1
20170526,0,0.3093529594099236,1
20170529,1,0.6794224167948731,0
20170530,0,0.21257054326735964,1
20170601,0,0.3305924304145655,0
20170602,0,0.3277827882997739,0
20170606,1,0.5345122626257713,0
20170607,0,0.49348481496582325,0
20170608,0,0.02053879367186029,0
20170609,1,0.5436760582709045,0
20170612,1,0.5333088657229452,0
20170613,1,0.5356362966792111,0
20170614,0,0.4642252667355909,0
20170615,1,0.6007003983756604,0
20170616,0,0.3689978289939844,0
20170619,0,0.4349654757885885,0
20170620,0,0.45977520415076895,0
20170621,1,0.5577133413093615,0
20170622,0,0.39593960297793657,0
20170623,1,0.6187178538721844,0
20170626,0,0.3375939676299014,0
20170627,0,0.3502515810536783,1
20170628,0,0.22837984463232852,0
20170629,0,0.43388138466273257,1
20170630,0,0.016076538466315637,0
20170703,1,0.5828479279289671,0
20170704,0,0.4860713535541913,0
20170705,0,0.3214381390211621,0
20170707,1,0.8692683019597482,0
20170710,0,0.41185614664457,0
20170711,0,0.47240679655542156,0
20170712,1,0.541821683220229,0
20170713,1,0.6271994361539507,0
20170714,1,0.6510619872815655,0
20170718,0,0.2810168786539111,0
20170719,1,0.5708243491758364,0
20170720,0,0.3654170438336901,0
20170721,0,0.3674274011987401,0
20170724,0,0.3566190554315141,0
20170725,1,0.766129515168907,0
20170726,0,0.018684890636623187,0
20170727,1,0.8589077652801822,0
20170728,1,0.733872464193145,0
20170731,1,0.5666068568392731,0
20170801,1,0.511104670931359,0
20170802,1,0.61010996083818,0
20170804,1,0.7018991359238909,0
20170807,1,0.8452903835568399,1
20170808,1,0.7181536577777294,1
20170809,1,0.5853256121096527,1
20170810,0,0.49365002592309387,0
20170814,0,0.15125237706020306,0
20170815,1,0.8445374634388895,0
20170816,1,0.5225388734817324,0
20170817,1,0.5245501710586932,0
20170818,1,0.5571307777353584,0
20170821,0,0.2758306543592694,0
20170822,1,0.6236795515268555,0
20170823,1,0.6375985876612392,0
20170824,0,0.4568226665629534,1
20170825,0,0.07669997599877858,0
20170828,0,0.3321284167230412,0
20170829,1,0.5485887987512797,0
20170830,0,0.21335455478784032,1
20170831,0,0.49232116699856804,1
20170904,0,0.349496012872485,0
20170905,1,0.5150659227076334,0
20170906,1,0.5504464838291426,0
20170907,0,0.29171059302394453,0
20170908,1,0.6192295701504488,1
20170911,0,0.08961605370284806,1
20170912,1,0.6183353813470751,1
20170913,0,0.48533410662333826,1
20170914,1,0.6675560999813589,1
20170915,1,0.6684596868024975,1
20170919,0,0.05598779838308105,0
20170920,1,0.5099637163356935,0
20170921,1,0.6172370952841676,0
20170922,1,0.5754095296951142,0
20170925,0,0.4497107949872876,0
20170927,1,0.5796035262708575,1
20170928,0,0.45649223359266256,1
20170929,0,0.2622671895329419,1
20171002,0,0.4246774321760791,1
20171003,0,0.16159865726451939,1
20171004,1,0.6928168639518615,0
20171005,1,0.6057853872659388,1
20171006,0,0.4604118741743472,1
20171011,1,0.6058803498523412,1
20171012,1,0.6878682444367911,1
20171013,0,0.4818641270969277,1
20171016,1,0.6970628085883093,1
20171017,1,0.6162127687370761,1
20171018,1,0.7690897020029789,1
20171019,1,0.8273769412598149,0
20171020,1,0.77404961497398,1
20171023,0,0.15926218297064368,0
20171024,1,0.5199242954084483,1
20171025,0,0.32307540073387603,1
20171026,1,0.6841537450460422,1
20171027,1,0.5891970099805046,1
20171030,1,0.5413666464799196,1
20171031,1,0.595511362920223,1
20171101,0,0.46246967389791005,1
20171102,1,0.592661052093366,0
20171106,1,0.6864100494456258,0
20171107,0,0.08890762673055311,1
20171108,0,0.09930798823829484,1
20171109,1,0.6187941091723125,1
20171110,0,0.15743910256497476,0
20171113,1,0.8775177888071294,1
20171114,1,0.6953806236347266,0
20171115,0,0.1308786274660549,0
20171116,1,0.6324460672296526,1
20171117,0,0.4001993614419256,0
20171120,0,0.31006977795586166,0
20171121,0,0.4811663229299392,0
20171122,1,0.5517301331860146,0
20171124,0,0.19328409721698178,0
20171127,1,0.585916549643383,0
20171128,1,0.6778195889424975,0
20171201,1,0.522031507575753,0
20171204,0,0.14134485355045417,0
20171205,1,0.6582527186106433,0
20171206,0,0.4622854150396403,0
20171207,1,0.9938968621876318,1
20171208,0,0.48901274590637345,0
20171211,0,0.23607248498639938,0
20171212,0,0.233421960517687,0
20171213,0,0.10361190907738461,0
20171214,0,0.4438779982790741,0
20171215,0,0.3952189684453074,0
20171218,1,0.7172643201067875,0
20171219,0,0.33585277245410433,0
20171220,0,0.4935776202002014,0
20171221,0,0.3508276081387327,0
20171222,0,0.09803823952679637,1
20171226,0,0.4829433134125481,1
20171227,0,0.4069914447378933,1
20180105,0,0.06584491573225312,0
20180109,0,0.16795326305589256,0
20180110,1,0.9513466142723189,0
20180111,0,0.10561822996603945,0
20180112,1,0.7842013580317289,0
20180115,0,0.07258256956745304,0
20180116,0,0.3996960292218517,0
20180117,0,0.4550215939923351,0
20180118,0,0.4851437317389811,0
20180119,0,0.38864622391311215,0
20180122,0,0.2776104124164172,0
20180123,1,0.6083653744147578,1
20180124,0,0.3843743931578832,1
20180125,0,0.3150765237041233,0
20180126,1,0.6602113325517394,0
20180129,0,0.2383194444458775,1
20180130,0,0.3925706577595071,1
20180131,1,0.5364678245183572,1
20180201,0,0.3139683407087709,1
20180202,0,0.36316132285579583,1
20180206,1,0.5441187629532421,0
20180207,1,0.6306846457966142,1
20180209,1,0.5632403137569624,0
20180213,0,0.19612057423458376,0
20180214,0,0.42431315243520507,0
20180215,0,0.4388996570084153,1
20180216,0,0.3276052812109089,0
20180219,0,0.24634421467220025,1
20180220,0,0.47481260536825254,0
20180221,0,0.4421931969740901,0
20180222,0,0.31631677140879805,1
20180223,0,0.3301412731531024,1
20180226,0,0.05791371895774893,1
20180227,0,0.2694551659231037,1
20180301,0,0.14008335346242842,1
20180305,1,0.5492021478784134,0
20180308,0,0.31213383792672594,0
20180312,0,0.44030981977391487,1
20180319,0,0.17916161428055255,1
20180320,0,0.21618116923800101,1
20180322,0,0.04687216899923597,1
20180323,0,0.12655334812217134,1
20180327,0,0.10459131008063746,0
20180328,0,0.24191344206026227,1
20180329,0,0.09546544349231842,0
20180330,0,0.3463056225147069,0
20180402,0,0.20151173335619924,0
20180403,0,0.3705265572118731,1
20180405,0,0.1938645255620501,0
20180406,0,0.49749340811593085,0
20180410,1,0.7345657948539541,0
20180411,0,0.44600223027745983,0
20180412,1,0.5053954831006364,1
20180413,0,0.05111610732175349,0
20180416,0,0.2989907626899684,0
20180417,1,0.5200718565307914,0
20180418,0,0.3699884548939228,1
20180419,0,0.4027495541803672,0
20180420,0,0.47394207483711526,0
20180423,0,0.3118048622812039,0
20180424,0,0.42963332781239677,0
20180425,0,0.47363329640028623,0
20180426,1,0.5161889669341861,0
20180427,0,0.35828800216935863,0
20180501,0,0.19310761511569335,0
20180502,0,0.3951622711237181,0
20180507,0,0.18821817794527054,0
20180508,0,0.4448820915003815,0
20180509,0,0.4487577767246587,0
20180510,0,0.2577561160192862,1
20180511,0,0.02662171301802326,1
20180514,0,0.49163431643957256,0
20180515,0,0.20262787654507683,0
20180516,0,0.00021508168354913534,0
20180517,0,0.2971256801443666,1
20180518,0,0.2825823868080524,1
20180521,0,0.47378267054526985,1
20180522,0,0.25185571917346944,1
20180523,0,0.19306828340057486,1
20180524,0,0.015322291989092145,1
20180525,0,0.3865588658575961,0
20180528,1,0.5724100661288772,0
20180529,0,0.23949573922241948,0
20180530,0,0.2763702192107598,0
20180531,0,0.46544941459257577,1
20180601,0,0.24458352115680343,1
20180604,0,0.13630324297777555,1
20180605,0,0.47774702536628016,1
20180606,0,0.4768162362141686,1
20180607,1,0.6733961218524067,0
20180608,0,0.18071159843255552,0
20180611,1,0.682132373699468,0
20180612,0,0.3774959727039773,1
20180613,0,0.39234075044978595,0
20180614,0,0.24285176614111106,1
20180615,0,0.3851129694152712,1
20180618,0,0.14132584578612473,1
20180620,0,0.16447967020067517,0
20180621,0,0.3852907035383345,0
20180622,0,0.29687034775499327,1
20180625,0,0.31812719710310355,1
20180627,0,0.06721111728565929,1
20180628,0,0.34834900158508375,1
20180629,0,0.14728170321606124,1
20180702,0,0.03197368576844288,1
20180703,0,0.36358015369108326,0
20180706,1,0.5579291617011513,1
20180709,1,0.7112843454260257,1
20180710,1,0.9997428599474637,1
20180711,0,0.35986334365442324,1
20180712,1,0.909960458668545,1
20180713,1,0.5306006767801646,1
20180717,0,0.2459670229857397,0
20180718,0,0.19692970324209172,0
20180720,0,0.09958465435908076,0
20180723,1,0.5001563683474954,0
20180724,0,0.15269294233210445,0
20180725,0,0.2215395346252295,0
20180726,0,0.396145213862286,0
20180727,0,0.36297427827649875,0
20180730,0,0.248290986960219,0
20180731,0,0.460584650945956,0
20180803,0,0.4773377265922628,1
20180807,1,0.5868248988438413,0
20180808,0,0.45998850369146194,1
20180809,0,0.3447190278610496,1
20180810,0,0.044263100863260095,1
20180813,0,0.454593267316152,0
20180814,1,0.5910364342214524,0
20180815,0,0.18185820111790288,0
20180816,0,0.2916115241552751,0
20180817,0,0.07041804702251443,0
20180820,0,0.26119384383818917,1
20180821,0,0.1254585364588381,1
20180822,0,0.47494547283840693,1
20180823,0,0.3396209064404805,1
20180824,1,0.6742633628661845,1
20180827,0,0.2727504791500266,0
20180828,0,0.4149745113332287,1
20180829,1,0.5339072110709285,1
20180830,0,0.4212770775289008,1
20180831,0,0.26128107600312567,0
20180903,0,0.0320827869806883,1
20180904,1,0.5216484328929742,0
20180906,0,0.4754048582962972,1
20180910,1,0.5916354792911334,1
20180911,1,0.7449666179524707,1
20180913,1,0.6906763786818584,1
20180914,1,0.5041954369633187,1
20180918,0,0.21563296121812556,1
20180919,1,0.6236081688360018,0
20180920,0,0.22374726813878035,1
20180921,0,0.333437462293227,0
20180925,0,0.20314568535137686,0
20180926,0,0.45401505152913196,1
20180927,1,0.8622792445196162,0
20180928,1,0.5253645729139879,1
20181001,0,0.18021908243860366,1
20181002,0,0.3667356644680272,1
20181003,1,0.5300038803698284,1
20181004,0,0.4252468258631739,1
20181005,0,0.44931293275376094,1
20181009,1,0.6332460987290295,1
20181010,0,0.2586432432553622,1
20181011,1,0.5993825818319314,1
20181012,1,0.6308904235960627,0
20181015,0,0.05681104833709976,0
20181016,1,0.5232341015633604,0
20181017,0,0.3098196350612001,1
20181018,0,0.2635716884426376,1
20181019,0,0.49597284786843393,1
20181022,0,0.013681959114899781,1
20181023,0,0.2769296013372904,1
20181024,0,0.2090754994514764,1
20181025,0,0.2145859785698076,0
20181026,0,0.37228095141899264,0
20181029,0,0.2923121814816973,0
20181030,1,0.6829918498801776,1
20181101,0,0.36157217174390416,0
20181105,0,0.21913080352991185,0
20181106,1,0.7123739215974334,0
20181107,1,0.5927978753702775,0
20181108,1,0.8747699977514843,1
20181109,1,0.6566568314617344,1
20181113,0,0.4924373814379694,1
20181115,1,0.5277788344920743,0
20181116,1,0.5144427999305554,1
20181119,0,0.003097836140761294,0
20181120,0,0.4933067177513151,1
20181121,0,0.30618771962547425,1
20181122,0,0.3683934061596584,1
20181126,0,0.02057109586590812,1
20181127,0,0.019237262442225664,1
20181128,0,0.32649138798063226,1
20181129,0,0.13434176403402834,1
20181130,0,0.33032144322229384,1
20181203,0,0.0830917072897829,1
20181204,0,0.31716497506135166,1
20181205,1,0.571894829777828,0
20181206,0,0.3199007507814344,0
20181211,0,0.3012557034705177,0
20181212,0,0.3369693314754909,1
20181213,0,0.31239714004400054,1
20181214,0,0.3109388262168514,1
20181217,0,0.0028626007107759896,1
20181218,1,0.5912124546847556,1
20181219,0,0.09598248397486654,1
20181220,0,0.22673797090138267,1
20181221,0,0.011782981299236476,1
20181225,0,4.644479448288651e-05,0
20181226,0,0.1716866486438277,1
20181228,0,0.11075116237230354,0
20190107,1,0.5047278242759421,0
20190108,1,0.7977202346963097,0
20190109,1,0.8138974591977308,0
20190110,1,0.5769197450313885,0
20190111,1,0.6841472479783502,0
20190115,0,0.2509115769007052,0
20190116,1,0.594005484423628,0
20190117,0,0.3012717916161484,0
20190118,0,0.4347224622770572,0
20190121,0,0.008752148627142926,0
20190122,0,0.40273967711337116,0
20190123,1,0.6603972996240015,0
20190124,1,0.6103704315618481,0
20190125,1,0.7819654813667659,0
20190128,0,0.3138041285378646,0
20190129,0,0.4663924780098919,0
20190130,1,0.5064665541361323,0
20190131,1,0.563805633726874,0
20190201,1,0.8621610061111658,0
20190204,0,0.26777566939037734,0
20190205,1,0.7501988329904211,0
20190207,1,0.8538780271732523,1
20190208,1,0.5743840070172894,1
20190212,0,0.4786801469537897,1
20190213,1,0.7133376408167332,0
20190214,0,0.41028865751627946,0
20190215,1,0.9682406738060204,1
20190218,0,0.006637521708852246,0
20190219,1,0.9276052049208362,0
20190220,1,0.9909070531880805,0
20190221,1,0.5406817512975309,0
20190222,0,0.29412675773783775,0
20190225,0,0.18366821410787845,0
20190226,0,0.3622502584004953,0
20190227,1,0.53479477721001,0
20190228,0,0.36986699686109664,1
20190304,0,0.3389424267128526,1
20190305,0,0.37127469356511306,1
20190306,1,0.5018401460233961,1
20190307,1,0.7091193515088957,0
20190308,0,0.4159206171835356,0
20190312,1,0.839628242449214,0
20190313,1,0.9792371975544649,0
20190314,0,0.41336702059517605,0
20190315,1,0.5881558713527654,0
20190319,1,0.5637554002960514,1
20190320,0,0.4376941216782144,0
20190325,0,0.3243827809212635,1
20190326,0,0.43337660288552204,1
20190327,1,0.9759824973071565,0
20190328,0,0.23723257056560015,1
20190329,0,0.3569231263810841,1
20190401,0,0.2969789096165118,0
20190402,0,0.32824442376149593,0
20190403,1,0.5022930923652413,0
20190404,0,0.4329295874370615,0
20190405,1,0.7217239011949476,0
20190408,0,0.46811629131165455,0
20190409,1,0.76554858039385,1
20190410,1,0.9546832248145535,1
20190411,1,0.8728822476082065,1
20190412,1,0.9450924434613474,1
20190415,1,0.50470947826638,0
20190416,1,0.9486218745177097,0
20190417,1,0.671587163732128,0
20190418,1,0.7656273530602121,0
20190419,1,0.5394053229256852,0
20190422,1,0.6887499697909872,1
20190423,1,0.6069669738607593,1
20190424,1,0.5238809306353579,1
20190425,0,0.4027666627324335,1
20190426,0,0.48684683193272577,1
20190507,1,0.6593365302307053,1
20190508,1,0.5094554052719006,1
20190509,0,0.4358552964389916,1
20190510,0,0.44797855712550366,0
20190513,0,0.3089524703824385,0
20190514,0,0.43035634266560724,0
20190515,0,0.3487674720417521,0
20190516,1,0.7419266363533717,0
20190517,0,0.28811886979805273,0
20190520,0,0.2989576220964636,0
20190521,1,0.9682106335923649,0
20190522,1,0.9948605726693326,0
20190523,1,0.6859257989898471,1
20190524,0,0.30494646926736296,1
20190527,0,0.4717230268044817,1
20190528,0,0.24842396625107063,1
20190529,1,0.9969879302205473,1
20190530,1,0.9184664925243933,1
20190531,1,0.616065717987495,0
20190603,0,0.4127258083473643,0
20190604,0,0.21070756159344473,1
20190606,1,0.5246046791340571,0
20190607,1,0.8178346438309517,0
20190610,0,0.42306820746724266,0
20190611,1,0.533711682701293,0
20190612,0,0.4997381914099209,0
20190613,1,0.5983915046405011,0
20190614,1,0.5740540714660403,0
20190617,0,0.4145594735420923,0
20190618,1,0.9254869326108165,0
20190619,1,0.6664960975571362,0
20190620,1,0.7117673011472114,0
20190621,1,0.7623156496899796,0
20190624,1,0.7581968421779014,1
20190625,1,0.8187683382234182,0
20190626,1,0.9860032187566458,1
20190627,0,0.3578451530717098,1
20190628,1,0.5366444324357095,0
20190701,1,0.7018874370118475,0
20190702,0,0.3522330076934901,0
20190703,0,0.4201435520559763,0
20190704,1,0.9881536708610661,0
20190705,1,0.5325481618135317,0
20190708,0,0.2659114919378326,0
20190709,1,0.9883263636449575,1
20190710,0,0.41926944577254477,0
20190711,1,0.5501716588002418,0
20190712,0,0.4980387426223253,0
20190716,1,0.5956912248848337,0
20190717,0,0.3109892274893153,1
20190718,1,0.6536334975410127,1
20190719,1,0.6748458527084015,1
20190722,1,0.6008148641095914,1
20190723,1,0.9319429144188333,0
20190724,0,0.2789099601061768,0
20190725,0,0.18516165131434673,1
20190726,1,0.5619368240280461,1
20190729,0,0.40636448735355357,1
20190730,0,0.28301093741695116,1
20190731,1,0.8530344681389291,1
20190801,1,0.5694574368633571,1
20190802,1,0.6264318402701958,1
20190805,1,0.5487010007910449,1
20190806,1,0.9529124997564579,0
20190807,1,0.7347589977023581,0
20190808,1,0.9069954712119107,0
20190809,1,0.9089296426475403,0
20190813,1,0.660771350770707,0
20190814,1,0.687236280089584,0
20190815,1,0.99712374462061,0
20190816,1,0.8491143034838701,0
20190819,1,0.7523723932540809,0
20190820,1,0.8603042801299903,0
20190821,1,0.6116857250068428,0
20190822,1,0.9741876200621836,0
20190823,1,0.996341383352774,0
20190826,1,0.6646378420120609,0
20190827,1,0.8778845584365464,0
20190828,0,0.43447843584181123,1
20190829,1,0.5089737614306845,1
20190830,0,0.4191841706662718,1
20190902,0,0.4904320427980736,1
20190903,1,0.8820893065573107,1
20190904,1,0.9568155551546565,1
20190905,1,0.9052200428940034,1
20190906,1,0.7914224844496861,1
20190909,1,0.546581869457367,1
20190910,1,0.7025468124501125,1
20190911,1,0.8965995288384113,1
20190912,1,0.999352683027081,0
20190913,1,0.9771985370978894,0
20190917,0,0.01242128954414872,0
20190918,1,0.5047740436175352,0
20190919,1,0.7721228083029182,0
20190920,1,0.6976784686416372,0
20190925,1,0.5607910674477117,1
20190926,1,0.9259580908629975,1
20190927,1,0.778411791825208,1
20190930,0,0.34582646551129365,0
20191001,1,0.8683401193439679,1
20191002,1,0.9674812738848269,0
20191003,1,0.6082511469285902,0
20191004,1,0.9999726443961562,1
20191007,1,0.5849019679932524,1
20191008,1,0.9250952736991599,1
20191009,1,0.715861409506661,1
20191010,1,0.8918683397113586,1
20191011,1,0.9999990899793837,1
20191015,1,0.5150169851715808,1
20191016,1,0.572644677510857,0
20191017,1,0.5949931557282871,0
20191018,1,0.5466653537427448,0
20191021,1,0.700961531094817,0
20191023,0,0.301414746965316,0
20191024,0,0.12947621558515743,0
20191025,1,0.9755918738225974,1
20191028,0,0.3030629549681821,1
20191029,1,0.5070731895457088,0
20191030,0,0.48308442579587685,1
20191101,0,0.4888798573252579,1
20191105,1,0.5722826337078356,0
20191106,1,0.736716867512549,0
20191107,1,0.9497416299776239,0
20191108,1,0.7445564371176747,0
20191111,1,0.6480731302448918,0
20191112,1,0.8500515116212948,0
20191113,1,0.7791360651973808,1
20191114,1,0.7957504951531861,0
20191115,1,0.8896037378706873,0
20191118,1,0.629802250938126,0
20191119,1,0.502267876613722,0
20191120,1,0.6076981536058811,0
20191121,1,0.6530777492476464,0
20191122,1,0.6164470364988007,1
20191125,1,0.5179715219262486,0
20191126,0,0.4626677612695391,1
20191127,1,0.5848866401713803,0
20191128,1,0.5851733340775789,0
20191129,1,0.9438140300548673,0
20191202,1,0.5772838348753865,0
20191203,1,0.6007542295644246,0
20191204,1,0.5313783307391001,0
20191205,1,0.9000776692739283,1
20191206,1,0.9638149922593916,1
20191209,1,0.7016604286023308,0
20191210,1,0.6509902298686153,1
20191211,1,0.841445683513826,1
20191212,1,0.5377618569220907,0
20191213,1,0.9841483063428808,0
20191216,1,0.7773864759357071,0
20191217,1,0.9827774173045337,0
20191218,1,0.9477703024789055,0
20191219,0,0.39669551320198654,0
20191220,1,0.5559697898128456,0
20191223,0,0.25435913905407853,1
20191224,1,0.7886793509504847,1
20191225,1,0.9826517514923783,1
20191226,0,0.49582635615396176,1
20191227,1,0.7939557246674791,1
20191230,0,0.02905495185608278,1
20200106,1,0.5640849436819616,1
20200107,1,0.6245066711882273,1
20200108,1,0.5010291128665065,1
20200109,1,0.9886447787982583,1
20200110,1,0.6051985877611961,0
20200114,1,0.8139373376378253,0
20200115,1,0.9609784892031208,0
20200116,1,0.5628805869730642,0
20200117,1,0.9391184924954112,1
20200120,1,0.8529164545761581,1
20200121,1,0.640588414866678,1
20200122,0,0.31446757128332375,1
20200123,1,0.9402683536813647,1
20200124,1,0.6470760931146977,1
20200127,0,0.2735543376702953,0
20200128,1,0.9570575206296397,0
20200129,1,0.961268821602931,0
20200130,1,0.9945373371060211,1
20200131,1,0.8795990011238735,1
20200203,1,0.702834731152904,1
20200204,1,0.6925521154207128,1
20200205,1,0.8359788131216151,1
20200206,1,0.9970362737332397,0
20200207,1,0.6857769699189434,1
20200210,1,0.6013775919619483,0
20200212,0,0.24656822992366456,0
20200213,1,0.7935625163312094,0
20200214,1,0.8311465431459201,1
20200217,0,0.4050479719778566,1
20200218,1,0.5936663108589503,1
20200219,1,0.6283819919503081,1
20200220,1,0.6881184546155475,1
20200221,1,0.5982298401728967,1
20200225,0,0.38002854396439206,1
20200226,1,0.5367273417919924,1
20200227,1,0.5502138445031667,1
20200228,1,0.7042191848174518,1
20200302,0,0.46559875608001566,0
20200303,1,0.6391925003612244,0
20200310,1,0.7869799705669374,1
20200311,1,0.7611704167801114,1
20200312,1,0.8101772158581826,1
20200319,0,0.38557669562573427,1
20200325,0,0.3357539890496554,1
20200326,1,0.6040934746491665,0
20200327,1,0.7625709747625722,0
20200331,1,0.5783031386836908,1
20200408,1,0.8491174388440965,0
20200410,1,0.8851374234916795,0
20200413,0,0.43152260320538777,0
20200414,0,0.29551515156160385,0
20200416,1,0.5766112434499546,0
20200417,1,0.6663942912597638,0
20200420,1,0.7295352718679357,1
20200421,0,0.43043084260090986,0
20200422,1,0.6583796960395699,0
20200428,0,0.05883013036956119,0
20200501,0,0.3357225922047937,0
20200507,0,0.45329816531360007,1
20200508,0,0.27598393634952467,0
20200511,0,0.07797365328005137,0
20200512,0,0.30683137082792455,0
20200513,1,0.8145790063454224,0
20200514,0,0.2416935055998937,0
20200515,0,0.11147361689834702,0
20200518,0,0.007532627534409011,0
20200519,0,0.02874426577562236,1
20200520,0,0.42817052823018403,1
20200521,1,0.5425359193694061,1
20200522,0,0.2391457851118904,1
20200525,0,0.023951162890588223,1
20200526,0,0.3082519766231342,1
20200527,0,0.08801131920288716,1
20200528,0,0.30616079653424516,1
20200529,0,0.2484261549190558,1
20200601,0,0.19154910327592067,1
20200602,0,0.0008175098843841226,1
20200608,0,0.0064742508621184235,1
20200609,0,0.25620153444353655,1
20200610,0,0.06129370463165901,1
20200611,0,0.0013295511575863244,1
20200612,1,0.5860573932988523,0
20200615,0,0.4296122670215266,0
20200616,0,0.35283487310621947,1
20200617,0,0.16152258834755834,0
20200619,0,0.08140700430206965,0
20200622,0,0.011337461559027791,0
20200624,0,0.1014830556739052,0
20200625,0,0.3662142187574368,0
20200626,0,0.3970836449568737,0
20200629,0,0.45043081562776915,0
20200630,0,0.05329501700612261,0
20200703,0,0.030541212890011948,0
20200706,0,0.005171431302691189,0
20200707,0,0.03430480395480411,0
20200708,1,0.5224341993654726,0
20200709,1,0.5498299971817842,0
20200710,0,0.4499853257775571,0
20200713,1,0.6149786481635852,0
20200714,0,0.3426467571506237,0
20200715,0,0.053630387622597676,0
20200716,0,0.021743444076690144,0
20200717,0,0.036061884807177674,0
20200720,0,0.10498541766218718,0
20200721,0,0.07202194637134648,1
20200722,0,0.013537319420112106,1
20200727,0,0.00013623318159277262,0
20200728,0,0.0009560369196476426,1
20200729,0,0.23735351192820237,1
20200730,0,0.00022108272514019468,1
20200731,0,0.49129235352597594,0
20200803,0,0.10206320571329075,1
20200805,0,0.04552187340355635,1
20200811,0,0.015894395534006997,1
20200812,0,0.0028357124143217624,1
20200813,0,0.4882466870286026,0
20200814,0,0.09351301197384841,0
20200817,1,0.5558689371829166,0
20200818,1,0.5126445484231286,0
20200819,0,0.2974432486644035,0
20200820,0,0.3398396352369839,0
20200821,0,0.12690708113140692,0
20200824,0,0.3131691910945428,0
20200825,0,0.13873198367830591,0
20200826,0,0.3683397788823277,0
20200827,0,0.0008472505096896078,0
20200828,0,0.4044250740808324,0
20200831,0,0.4467710786870689,0
20200901,0,0.3506256814280612,0
20200903,0,0.20051460856661704,1
20200904,0,0.17934583852177602,0
20200907,1,0.9782907144142471,0
20200908,0,0.44421834425814294,0
20200909,0,0.04060268605430465,0
20200910,0,0.4089541721374401,0
20200911,0,0.46995736535764077,0
20200914,0,0.48707885939262724,0
20200915,1,0.5171603975365563,0
20200916,0,0.4359483432340301,0
20200917,1,0.9946945389409233,0
20200918,1,0.5723308356038084,0
20200923,0,1.0869443597236e-05,0
20200924,0,0.3847642229729626,0
20200925,1,0.5888198095543565,0
20200929,0,0.22440645179309412,0
20201001,0,0.35325122415819815,0
20201005,0,0.07912899373878415,0
20201007,0,0.3470277552686128,0
20201008,0,0.03522329294004129,0
20201009,1,0.5687748555735871,0
20201012,1,0.5347510352960868,0
20201013,0,0.0006503684797492796,0
20201014,0,0.06266331300810872,1
20201015,0,0.020888011867573556,0
20201016,0,0.14036605688041753,0
20201019,0,0.0690794229447122,0
20201020,0,0.42232153526982324,0
20201021,0,0.36228135721397264,1
20201022,0,0.3816927623565434,1
20201023,0,0.496632274825696,0
20201026,0,0.31812528576650295,1
20201027,1,0.7832840648960304,0
20201028,1,0.578779538919875,1
20201029,1,0.6225077361573199,1
20201030,0,0.19623929531015039,1
20201102,0,0.31515264111421354,1
20201109,0,0.3289368200284711,1
20201111,0,0.07365383649729396,1
20201112,1,0.5079266887125962,1
20201113,1,0.5480850170773798,1
20201116,0,0.007456462445357977,1
20201117,0,0.0033649578000781214,0
20201118,0,0.04319777144364385,1
20201119,0,0.039774922888619196,1
20201120,0,0.3225646082469336,1
20201124,0,0.011362523697262683,1
20201125,1,0.9361547214660805,0
20201126,0,0.3993011803777161,1
20201127,0,0.0007409892705906245,0
20201130,0,0.40718826446127226,0
20201201,0,0.025718486473317773,0
20201204,0,5.2789597406855544e-05,0
20201208,0,0.019046277371376784,0
20201209,0,2.349625010404892e-05,0
20201210,0,0.3814725673677162,0
20201211,0,0.28789407880820317,0
20201214,1,0.5517110819633354,0
20201215,0,0.11684789369362364,0
20201216,0,0.4124103583387749,0
20201217,0,0.10074470081342171,0
20201218,0,0.026460578910343747,0
20201221,0,0.046802178472690345,0
20201222,0,0.01274231021446901,1
20201223,0,0.023524182477736636,1
20201224,0,0.14407562102679197,1
20201225,0,0.012256054282459685,1
20201230,0,0.322611223960491,1
20210107,0,0.45418655141199515,1
20210108,0,0.418994940672932,1
20210112,0,0.2532256636911521,1
20210113,1,0.5054614011127184,1
20210114,0,0.2760664252854725,0
20210115,0,0.2999284425971287,1
20210118,0,0.20265488593982,0
20210119,0,0.44819397877993544,0
20210120,0,0.35802140787790154,0
20210121,0,0.2914012160123711,0
20210122,0,0.281328836467836,1
20210125,0,0.2600765914621096,1
20210126,0,0.17047125172141225,1
20210127,0,0.3713447191609947,1
20210128,0,0.37739196110327833,0
20210201,0,0.1385596326626858,0
20210203,0,0.22794203041854683,1
20210204,0,0.1862886570304894,1
20210205,0,0.4739395862588841,1
20210208,0,0.29696479892755573,1
20210210,0,0.4696352229442488,1
20210212,0,0.06109464095673928,1
20210215,0,0.32486462429350055,1
20210216,0,0.21451138815427506,0
20210217,0,0.3360633481198588,1
20210218,0,0.04819754211147455,1
20210219,0,0.0893534883621793,0
20210222,1,0.5705960497036079,1
20210224,1,0.6995759363773697,0
20210226,0,0.2823848479131467,0
20210301,0,0.3667786346305517,0
20210302,0,0.39261534732917797,1
20210303,1,0.8655520734500344,1
20210304,1,0.8686956617617161,0
20210305,1,0.8657084674254276,0
20210309,0,0.33151078064418055,0
20210310,0,0.304326843095056,0
20210311,0,0.3028487802871792,1
20210312,0,0.034977766098931294,1
20210315,1,0.5153281863194774,0
20210316,0,0.16488851152073503,1
20210317,0,0.23227192875652655,1
20210318,0,0.22136498370019597,1
20210319,0,0.058196494814540804,1
20210322,0,0.27218717173480733,1
20210323,1,0.5968020057543465,1
20210324,1,0.7225751426239957,0
20210325,1,0.78616973793462,1
20210326,0,0.4205267950166239,0
20210329,1,0.8911854994442984,0
20210330,0,0.46688041504987,1
20210401,0,0.3520970411371332,1
20210402,1,0.6135477960370864,0
20210406,1,0.5320761256299474,0
20210407,0,0.03909699135612367,0
20210408,0,0.0986108239336089,0
20210409,0,0.12223060407038307,0
20210412,1,0.5078506597580531,1
20210413,0,0.36903093980147195,1
20210414,0,0.30412562526230497,1
20210415,1,0.8723517006374618,1
20210416,0,0.09414260374422333,1
20210419,1,0.5596146386132508,1
20210420,1,0.7880998736941282,1
20210421,1,0.8449207141146956,0
20210422,1,0.7040995496177578,0
20210423,1,0.7081384021976499,0
20210426,0,0.23520674996689686,0
20210427,1,0.8060715244853363,0
20210428,0,0.37894989605450047,0
20210430,0,0.287452518134892,1
20210506,1,0.6100036977255824,1
20210510,1,0.8641185782961733,1
20210511,1,0.5081526140983527,1
20210512,1,0.6031399094475993,1
20210513,0,0.3698471219075101,0
20210514,0,0.22053838588839836,0
20210517,0,0.1798895145577696,0
20210518,0,0.021828351277987754,0
20210519,0,0.21658947683706378,0
20210520,1,0.5443277830355776,0
20210521,0,0.24240330560619588,0
20210524,1,0.5713690939958437,0
20210525,1,0.6046219549877875,0
20210526,0,0.42866501365727677,1
20210527,1,0.5968421951676846,0
20210528,0,0.4995365472241695,0
20210531,1,0.9511642787210063,0
20210601,0,0.0182824287215188,0
20210602,0,0.09776045178667093,0
20210607,1,0.6204803851888361,0
20210608,1,0.5377649842634433,0
20210609,0,0.4600504298076084,0
20210610,0,0.44257629868526027,1
20210611,1,0.8861383891773466,1
20210614,1,0.637257869386897,1
20210615,0,0.3508919218043272,1
20210616,0,0.04486258428189536,1
20210617,0,0.4739381593141358,1
20210618,0,0.39895881954446183,1
20210621,1,0.5658115317226468,0
20210622,1,0.656991422737995,0
20210623,0,0.21125448701596572,0
20210624,1,0.9984530161702423,0
20210625,0,0.4979303851509867,0
20210628,1,0.7211025727623283,0
20210629,1,0.522663145347654,1
20210701,1,0.5195521995343539,1
20210702,1,0.6536745689647676,1
20210705,0,0.2032785748926255,1
20210707,0,0.24613049569014792,1
20210709,0,0.18470881280802887,1
20210712,1,0.5250872195896226,1
20210713,0,0.2951010625189476,1
20210714,0,0.27925877380197217,1
20210715,0,0.2194133841629141,1
20210716,1,0.8869960103080126,1
20210719,0,0.28727098453949557,0
20210720,0,0.36530214858089166,0
20210721,0,0.16289800081258357,0
20210726,1,0.9554261569571909,0
20210728,0,0.38546699395138256,0
20210729,0,0.26204700096666605,0
20210730,0,0.09261658098841874,0
20210802,0,0.24119261379035467,0
20210803,1,0.6690407496726899,0
20210805,0,0.471879077668616,0
20210806,1,0.5959693204960612,0
20210810,0,0.0904977748740792,0
20210811,0,0.10290799304959719,0
20210812,0,0.24345081628935886,0
20210813,0,0.4827513202391523,0
20210816,1,0.7278087694178547,1
20210817,0,0.3970467740630906,0
20210818,0,0.18159032338526843,0
20210819,0,0.4753882214309368,0
20210820,1,0.7367075712384554,0
20210823,1,0.9999621304166042,1
20210824,1,0.6119528997128539,1
20210825,1,0.988647450998283,1
20210826,1,0.5832183070121685,1
20210827,1,0.8057585184697682,1
20210830,1,0.9241532115453925,1
20210831,0,0.4635150848293125,1
20210902,1,0.9993470352499928,1
20210906,1,0.8873472575128453,1
20210907,1,0.9008656425705183,0
20210908,0,0.20617491040279531,0
20210909,0,0.2997774651856467,0
20210910,1,0.6438645823452898,0
20210913,1,0.7611380081938754,1
20210914,1,0.8986651017013086,1
20210915,0,0.4625258179255903,1
20210916,1,0.7060737769961565,1
20210917,1,0.8358435575467539,1
20210921,0,0.006957004130785248,0
20210922,1,0.9965873383555732,0
20210924,0,0.13210139994737496,1
20210927,1,0.9752060325028595,1
20210928,1,0.672293400991734,1
20210929,1,0.6667514038458512,1
20211004,0,0.2592486267028364,1
20211005,1,0.5547715604735038,0
20211006,0,0.3057629564158561,0
20211008,1,0.9999998050668892,1
20211011,0,0.4926480142337848,1
20211012,1,0.7563216633136131,0
20211013,0,0.44382941394799924,1
20211014,1,0.9876590823127815,1
20211015,1,0.8187651878550726,0
20211018,0,0.34658964726037367,0
20211019,1,0.5967723255514262,0
20211020,0,0.08914315301500574,0
20211022,0,0.3236828595000049,1
20211025,0,0.0932170873878917,1
20211026,0,0.39813802488980504,0
20211027,1,0.9997893298478726,1
20211028,1,0.8951591938858383,1
20211029,1,0.5114623607562032,1
20211101,0,0.12338795393958615,0
20211104,0,0.031564912776753815,1
20211108,1,0.653627040570213,1
20211109,1,0.6818672943993337,0
20211110,0,0.2718659920167953,1
20211111,0,0.47967815498686006,1
20211112,1,0.5617181731236778,0
20211115,1,0.5303635733369321,0
20211116,0,0.45235980913646034,0
20211117,0,0.05294304107155225,1
20211118,0,0.16460983749796315,1
20211119,0,0.39815348597047195,1
20211122,1,0.8612561883124745,1
20211124,0,0.008006155934977575,1
20211125,0,0.43311113303293847,1
20211126,1,0.6728743718873966,1
20211129,1,0.5273364432843742,0
20211130,1,0.9432484715795949,1
20211206,1,0.9857151580904093,1
20211208,0,0.006261988792094908,0
20211210,0,0.04365270812929922,0
20211213,0,0.47913288572978624,0
20211214,0,0.46760890695247403,0
20211215,0,0.3396158082107198,0
20211216,1,0.6719064342865014,1
20211217,1,0.5525619768099495,1
20211220,0,0.4494708514759585,0
20211221,1,0.5870383989099834,0
20211222,0,0.41475360319185395,0
20211223,1,0.8982949179011585,0
20211227,0,0.3480795642780937,0
20211228,0,0.46004120903386514,0
20211229,0,0.49322546628638253,1
20211230,1,0.7923681577405199,0
20220112,1,0.7684988150991426,1
20220114,1,0.9166169717443742,1
20220117,1,0.6444715365545245,1
20220118,0,0.40257401246301905,1
20220119,0,0.46929125828599977,1
20220121,1,0.5403846013184089,0
20220124,0,0.4898926675072726,0
20220125,1,0.9781106115911679,0
20220126,1,0.6590906819920793,0
20220127,1,0.9589692603195193,0
20220128,1,0.7628200302523824,1
20220131,0,0.2823048675939387,1
20220209,0,0.4856840739591483,1
20220210,1,0.7056158388146683,1
20220214,1,0.6319131714735126,1
20220215,1,0.6852548649488845,0
20220216,1,0.5676512300027008,1
20220217,0,0.46443562578749353,1
20220218,1,0.6358770096343277,1
20220221,1,0.7012085099043486,0
20220222,1,0.8759676909598623,0
20220224,0,0.45411090919250824,0
20220225,1,0.6635037351219719,1
20220228,0,0.4785001380020724,1
20220301,1,0.7591354667053135,1
20220308,1,0.7710212830342272,0
20220311,1,0.627748469637972,1
20220315,0,0.46136517330341026,1
20220316,0,0.4167221332023438,1
20220318,0,0.3629239842083026,1
20220322,1,0.8041624921226934,1
20220324,0,0.24753560747349837,0
20220325,0,0.3860843319425897,0
20220331,1,0.771396323805282,0
20220406,1,0.5661828312203274,1
20220407,0,0.40682600666814583,0
20220408,1,0.5778385083225279,0
20220411,1,0.6192609651225972,0
20220414,1,0.6130216603576207,0
20220415,1,0.6188828742609888,0
20220418,0,0.41106277865886565,0
20220420,1,0.5747746198425302,1
20220421,0,0.3595933809846611,1
20220422,1,0.5890338960376833,1
20220425,0,0.3686476402045761,0
20220426,1,0.8937361015103787,0
20220427,1,0.8564304529309853,0
20220506,1,0.6282861991789008,1
20220509,1,0.5515302605900645,1
20220511,1,0.7036779944522081,0
20220512,0,0.4420964437469067,0
20220513,1,0.7656566671219067,1
20220516,0,0.31663104512727086,0
20220517,0,0.3622678523420088,0
20220520,1,0.5095045403831527,1
20220523,1,0.6966199550185522,0
20220524,1,0.6354415233909004,0
20220525,1,0.8124643242202286,0
20220527,1,0.920005394657532,1
20220530,0,0.2739484150122145,1
20220531,1,0.9991025164050319,1
20220606,0,0.4785409060942855,1
20220607,0,0.4873470766226377,1
20220608,0,0.18377371591324967,1
20220609,0,0.40833000749064563,1
20220610,1,0.5668790502022811,1
20220613,0,7.158682405234006e-06,1
20220614,1,0.5449507155138003,1
20220615,1,0.8506657791131108,1
20220616,1,0.7281270423528564,1
20220617,1,0.734077155449188,0
20220620,0,0.2097502757956635,0
20220621,1,0.6876998049497538,0
20220622,1,0.7502735861417766,0
20220624,1,0.8963411716849111,1
20220627,1,0.5326362215287359,0
20220628,1,0.7642497349928392,0
20220701,1,0.5819302571082166,0
20220707,1,0.755121287197776,1
20220708,1,0.7735742410840463,0
20220711,1,0.6566956167332042,0
20220712,1,0.6825870384217274,0
20220713,0,0.40602033269991067,0
20220714,1,0.836669330016572,1
20220715,1,0.5415661021886425,1
20220719,0,0.20584078665345704,1
20220720,0,0.4579860684501334,0
20220721,0,0.4174346419997724,0
20220722,0,0.47386189736704637,0
20220725,0,0.36949175400366896,0
20220726,1,0.5283105510140775,0
20220727,1,0.5343221706101311,0
20220728,0,0.42054679254306265,0
20220729,0,0.3938066490692421,0
20220801,0,0.3206303001492849,0
20220808,1,0.5062150614349616,1
20220809,1,0.5480107475031906,1
20220810,1,0.5085056971535791,1
20220812,1,0.8887131997969162,1
20220815,1,0.8723978962935401,0
20220816,1,0.6367073468417904,0
20220817,0,0.2688993559014385,0
20220818,1,0.9228311032463776,0
20220819,1,0.9853802051319236,1
20220822,1,0.6636552951516872,0
20220823,1,0.6979568126903085,0
20220824,0,0.40129672603492217,0
20220825,0,0.25199850448545924,1
20220826,0,0.43631997320074545,0
20220829,1,0.5910821586460717,0
20220830,1,0.5090995479377326,0
20220831,1,0.5438257701192718,0
20220901,1,0.7546011326411586,0
20220906,0,0.40523831748052774,1
20220907,0,0.3595111936448988,1
20220908,1,0.5149798992233567,1
20220909,0,0.44708846670147845,1
20220912,0,0.3926429321207747,1
20220913,0,0.42543605831439074,1
20220914,1,0.6513958426356886,1
20220915,1,0.5581759962354194,1
20220916,1,0.7068640744518727,1
20220920,0,0.49735552104347286,1
20220921,1,0.9828465109281146,1
20220922,1,0.6382118408002946,1
20220926,0,0.44347663927603803,1
20220928,1,0.8132777307263421,0
20220929,1,0.6547545960327715,0
20220930,1,0.8898854311560697,1
20221003,1,0.5344194971434054,1
20221005,0,0.3482377220414262,1
20221007,0,0.25964341342090885,1
20221011,0,0.4049025939732216,0
20221012,1,0.7516800817507203,1
20221013,0,0.491868359091062,1
20221014,0,0.3993235602070128,0
20221017,0,0.37783276241467434,0
20221018,1,0.5054130321904692,0
20221019,0,0.2535857794717493,0
20221020,0,0.470389673945307,0
20221021,0,0.16905180213095408,1
20221024,0,0.17604880058867053,0
20221025,1,0.5111140900958158,0
20221026,0,0.17134699751120977,0
20221027,0,0.4488895448847925,0
20221028,1,0.6324353701218469,0
20221031,0,0.464668732166531,0
20221102,1,0.6021894194372818,0
20221108,0,0.21852820159609226,0
20221110,0,0.381798874188523,1
20221111,0,0.23272860179888433,0
20221114,0,0.09946767849655132,0
20221115,0,0.24642198624127118,0
20221116,0,0.20719094972987145,0
20221117,0,0.0022172041910710257,0
20221118,0,0.426080254827159,0
20221121,1,0.8949644099020511,0
20221122,0,0.05847469451814617,0
20221124,0,0.17352101038149423,1
20221125,0,0.18534318613324213,1
20221128,0,0.26725883127736505,0
20221129,0,0.48416898284339627,0
20221130,0,0.11503673795117221,0
20221201,1,0.8135767360817173,0
20221202,1,0.801721326487805,0
20221205,0,0.44336947713486463,0
20221206,0,0.19219565679169584,0
20221207,0,0.09412219120862828,1
20221209,0,0.18438497944766838,0
20221212,0,0.2403933989999891,1
20221213,0,0.37568617501972607,1
20221214,0,0.21773358822299235,1
20221215,0,5.090187818672198e-08,1
20221216,0,0.3419591947891578,1
20221219,1,0.6760662626971293,1
20221220,0,0.35775308349035845,1
20221221,0,0.12971715341403603,0
20221222,1,0.5215474393204141,0
20221223,0,0.4856240912584374,0
20221226,0,0.2487354631072845,0
20221227,1,0.8762222024874216,1
20221228,0,0.06269928412692062,0
20221229,0,0.41543325473511766,0
