date,pred,ploba,label
20151214,1,0.677904061098796,0
20151215,0,0.4861595363438223,0
20151216,0,0.4620090842241784,0
20151217,0,0.44550444533371397,0
20151218,1,0.6008080884266505,0
20151221,1,0.5001322430197461,0
20151222,0,0.46641785150720405,0
20151224,0,0.4957828617081813,0
20151225,1,0.6180301893727512,0
20151228,1,0.5177239542151185,1
20151229,0,0.4359316892353759,1
20151230,0,0.42137072050359115,1
20160104,0,0.44976639839200966,1
20160105,1,0.9666957556234634,1
20160106,1,0.6956423580378728,1
20160107,1,0.8491486851024078,1
20160108,0,0.44545637543908734,1
20160112,0,0.4571540437065389,1
20160113,0,0.4938927418691725,1
20160114,1,0.5549998526152956,1
20160115,1,0.6590840537991052,1
20160118,1,0.6889711518987304,1
20160119,1,0.6722062398423563,1
20160120,1,0.6280233143447221,1
20160121,1,0.6705091905366508,0
20160122,1,0.9331550177353647,0
20160125,0,0.2737350436713685,0
20160126,0,0.3854914663646247,0
20160127,0,0.3116633568512565,0
20160128,0,0.266921175276969,0
20160129,1,0.6318604011852339,1
20160201,1,0.509763457993896,1
20160202,1,0.5969877538607421,1
20160203,1,0.776511764068178,1
20160204,1,0.5674264651839267,1
20160205,1,0.5385760464322932,1
20160208,0,0.2855548856024878,1
20160209,0,0.482071792307033,1
20160210,0,0.19186471527991664,1
20160212,1,0.6274440029135743,0
20160215,1,0.7805898950114877,0
20160216,1,0.7991216814163972,0
20160217,0,0.44069669799304756,0
20160218,0,0.3973737563437138,0
20160219,0,0.40952541858063346,0
20160222,1,0.7177322033696453,0
20160223,0,0.3437063151399539,0
20160224,0,0.47671188772419226,0
20160225,0,0.34804806330423727,0
20160226,0,0.39998721508780316,0
20160229,0,0.4574910321979511,0
20160301,0,0.32349676412577766,0
20160302,0,0.28578315014005096,0
20160303,1,0.7848434810061349,0
20160304,1,0.6282917821458698,0
20160307,0,0.4724450838499057,1
20160308,1,0.5776294324643433,0
20160309,0,0.3716568322786228,0
20160310,0,0.10721622201153619,0
20160311,1,0.5150782852448441,0
20160314,0,0.206201212612698,0
20160315,0,0.4243274179218184,0
20160316,0,0.22825787078370258,0
20160317,0,0.46530667616477533,0
20160318,1,0.5872379708470419,0
20160322,0,0.4370756358177002,0
20160323,0,0.4465802322462111,0
20160324,0,0.26445935782055263,0
20160325,0,0.12746208657513744,1
20160328,0,0.16646969201381956,0
20160329,0,0.17945996250781154,1
20160330,0,0.1584892075138927,1
20160331,0,0.08291902215647015,1
20160401,0,0.06778881224594098,0
20160404,0,0.46378108734766743,0
20160405,0,0.43115080394326505,0
20160406,1,0.5029539714546826,0
20160407,1,0.7136756614766253,0
20160408,0,0.3384106069192104,0
20160411,0,0.4958555533230454,1
20160412,1,0.5453359643240593,1
20160413,0,0.3868255813060292,1
20160414,0,0.47699765157419377,1
20160415,0,0.3214130839350704,1
20160418,0,0.23266968460422024,0
20160419,1,0.5167725332362925,0
20160420,0,0.41186612542374446,0
20160421,0,0.42288918346341586,0
20160422,0,0.4307668008894969,0
20160425,0,0.1916763074850519,0
20160426,0,0.4736861286528554,0
20160427,0,0.3539885844499688,0
20160428,0,0.34033383360573566,1
20160502,1,0.534521274421733,0
20160506,0,0.4540210051060097,0
20160509,1,0.7842219942003216,0
20160510,1,0.5780169498797441,0
20160511,0,0.38004834160146056,0
20160512,0,0.45741197033811243,0
20160513,0,0.37875627982463933,0
20160516,0,0.2551503796283256,0
20160517,0,0.3971136016967301,0
20160518,0,0.36604263023018657,0
20160519,0,0.3615819842036608,0
20160520,0,0.4712464135419022,0
20160523,0,0.4352365729775432,0
20160524,0,0.3323411701355309,0
20160525,0,0.26598462118180405,0
20160526,0,0.17737993032986865,0
20160527,0,0.20377339206730288,0
20160530,0,0.3472790519443957,0
20160531,0,0.32896499499324894,0
20160601,0,0.3215073251460867,0
20160602,0,0.3272998710174727,0
20160603,0,0.35795634103604,0
20160606,1,0.5212734667584668,1
20160607,1,0.6714359931624315,1
20160608,1,0.6710617319861004,1
20160609,0,0.3459712720096202,1
20160610,0,0.2682537770083511,1
20160613,1,0.5467919283595019,0
20160614,0,0.498765705564822,0
20160615,1,0.5934488229308137,0
20160616,0,0.49745927911028753,0
20160617,1,0.6705849547268167,1
20160620,0,0.4376533725730914,1
20160621,0,0.414665106031384,1
20160622,1,0.5249864265424025,1
20160623,0,0.2508625435217183,1
20160624,0,0.30998286649273216,0
20160627,1,0.6307604052970985,0
20160628,0,0.46915605340889643,0
20160629,1,0.6653024271646837,0
20160630,1,0.5285295345718168,0
20160701,1,0.5471770303080754,0
20160704,1,0.5383549511282917,1
20160705,1,0.6087966330220231,0
20160706,0,0.3533905577243177,0
20160707,1,0.6639367182922541,0
20160708,1,0.5707004130399406,0
20160711,0,0.33219298920588186,0
20160712,0,0.4385443382308569,0
20160713,0,0.4022484171495093,0
20160714,0,0.3176990039560145,0
20160715,0,0.34816036456881716,0
20160719,0,0.353647781601815,0
20160720,0,0.3023877953175266,0
20160721,0,0.35392387147724913,0
20160722,0,0.45562864403750725,0
20160725,0,0.3353569464038461,0
20160726,0,0.3846438545640134,0
20160727,0,0.3672481835511887,0
20160728,0,0.3600700708731309,0
20160729,0,0.347273894957953,0
20160801,1,0.5616385348659715,0
20160802,0,0.45684752897956393,0
20160803,0,0.49049598370364944,0
20160804,1,0.5699834442188759,0
20160805,1,0.7045286149634586,0
20160808,0,0.43913781323453666,0
20160809,1,0.7056747204363015,0
20160810,0,0.4410118791169138,0
20160812,0,0.3332737021029305,0
20160815,0,0.3050083385970393,0
20160816,0,0.4104067517906692,0
20160817,0,0.49863053709070554,0
20160818,0,0.3833263094070222,0
20160819,1,0.7225566660960676,0
20160822,1,0.5384553496960094,0
20160823,1,0.6791345561077308,0
20160824,0,0.34673858608991354,0
20160825,0,0.27787363824130235,0
20160826,0,0.3997042146096368,0
20160829,0,0.28533424594335327,0
20160830,0,0.37678923299474454,0
20160831,0,0.378752451673601,0
20160901,1,0.507722207727474,0
20160902,0,0.40174465079084454,0
20160905,0,0.36859538945371983,0
20160906,0,0.46730658265103314,0
20160907,0,0.39211399056809754,0
20160908,0,0.38858190359244654,0
20160909,0,0.21164179368878663,1
20160912,0,0.45150714235812806,0
20160913,0,0.4748492968013386,0
20160914,0,0.4540401417739513,0
20160915,0,0.4991942016380644,0
20160916,1,0.5485947468160993,0
20160920,0,0.4766620232813971,0
20160921,1,0.6417784762446961,0
20160923,0,0.3397685524552205,0
20160926,0,0.3979455929041831,0
20160927,0,0.373421332498218,0
20160928,0,0.43146892287512306,0
20160929,0,0.44909560354809175,0
20160930,0,0.291139449010959,0
20161003,1,0.546209921950668,0
20161004,0,0.2794848158590128,0
20161005,0,0.49890697627489183,0
20161006,0,0.43412269004050197,0
20161007,0,0.350628365788078,0
20161011,0,0.3338904649018794,0
20161012,0,0.40709032254042227,0
20161013,0,0.4027460561114676,0
20161014,0,0.4506349449278905,0
20161017,0,0.45689152197691546,0
20161018,0,0.44629636836929554,0
20161019,1,0.5437162226908269,0
20161020,0,0.4662784828923374,0
20161021,0,0.44401564214064315,0
20161024,1,0.523391572771223,0
20161025,0,0.3345005122162706,0
20161026,1,0.5035095736251782,1
20161027,0,0.4208524826279919,1
20161028,0,0.35521902862452925,1
20161031,0,0.274335147905711,1
20161101,0,0.45081005247731254,1
20161102,1,0.6410553266615864,1
20161104,1,0.706776144215266,0
20161107,1,0.6262352362008109,1
20161108,0,0.4823500062799926,1
20161109,0,0.3788044289299099,0
20161110,1,0.5007448828249077,0
20161111,1,0.7138205128674388,0
20161114,1,0.5896478903827159,0
20161115,0,0.4971816641351638,0
20161116,0,0.4672552947789834,0
20161117,0,0.47757774705672673,0
20161118,1,0.5215144928869928,0
20161121,1,0.5237664010273938,0
20161122,1,0.633063510310986,0
20161124,0,0.4031587034536274,0
20161125,0,0.42995249075849645,0
20161128,0,0.46703492915727207,0
20161129,0,0.4331783826863732,0
20161130,0,0.3295707196383685,0
20161201,0,0.40577984212034474,0
20161202,0,0.35159848644426295,0
20161205,0,0.4519677519073361,0
20161206,1,0.5715160648216914,0
20161207,1,0.5936607336225086,0
20161208,0,0.4136140882917252,0
20161209,0,0.39844983791152744,0
20161212,1,0.500041066460646,0
20161213,0,0.4993425853717413,0
20161214,0,0.44318643574699396,0
20161215,0,0.4646997907792966,0
20161216,0,0.38249319415920235,0
20161219,0,0.4209450186370316,0
20161220,0,0.3500130327070764,0
20161221,0,0.40337650650163015,0
20161222,0,0.4453827475205,1
20161226,1,0.5458626277737395,0
20161227,1,0.5559429256995136,0
20161228,0,0.35182809641716567,0
20161229,0,0.4577399090590276,0
20161230,1,0.5806666919186488,0
20170104,0,0.4913508402010962,0
20170105,0,0.344760411525705,0
20170106,0,0.4050104360079503,0
20170110,0,0.39199418098862227,0
20170111,0,0.34357890276248837,0
20170112,1,0.5635380086025986,0
20170113,0,0.3629722874713119,0
20170116,1,0.5322497820516178,0
20170117,1,0.512108711772116,0
20170118,1,0.5568848734426394,0
20170119,0,0.448583575132566,0
20170120,1,0.5068905870498233,0
20170123,0,0.44085218516466235,0
20170124,0,0.40479739091859923,0
20170125,0,0.3549257068386675,0
20170126,0,0.36184354259250684,0
20170127,0,0.4430681852289819,0
20170130,1,0.5019652604875818,0
20170131,0,0.32907323594240595,0
20170201,0,0.3630697301353065,0
20170202,1,0.5713175256730322,0
20170203,1,0.5981095613835054,0
20170206,0,0.4528837327184189,0
20170207,0,0.4800270942663784,0
20170208,0,0.35481675019343456,0
20170209,1,0.5362035586951587,0
20170210,1,0.6032003850891903,0
20170213,1,0.5472188983871041,0
20170214,1,0.5560246206898931,0
20170215,0,0.42761096189296594,0
20170216,0,0.459957835891536,0
20170217,1,0.5919442908458052,0
20170220,1,0.5962614209452514,0
20170221,1,0.5504583830532442,0
20170222,1,0.579360763613868,0
20170223,0,0.37169306645486355,0
20170224,0,0.4165587591601617,0
20170227,0,0.3439465273028108,0
20170228,0,0.2402603437178406,0
20170301,0,0.397137915635404,0
20170302,1,0.5271838436319791,0
20170303,1,0.5284698028054335,0
20170306,0,0.2789748916772559,0
20170307,0,0.32203799584453474,0
20170308,1,0.507159916945876,0
20170309,0,0.34515342333472776,0
20170310,1,0.5538787682417449,0
20170313,1,0.5659741708813437,0
20170314,0,0.3254655717009802,0
20170315,0,0.3417223050573828,0
20170316,1,0.5934168458497826,1
20170317,1,0.6194454864302363,1
20170321,0,0.4383822384864688,1
20170322,1,0.78501244318892,0
20170323,1,0.705305898192219,0
20170324,1,0.5800863599197946,0
20170327,0,0.49110846159836347,0
20170328,1,0.5457591687420381,0
20170329,0,0.39447538524288045,0
20170330,0,0.4869073855626393,0
20170331,1,0.5835999185479317,0
20170403,0,0.47763911571408385,0
20170404,1,0.576041118317089,0
20170405,1,0.5753667305496599,1
20170406,1,0.6281380231867785,0
20170407,0,0.4210636996823821,0
20170410,0,0.3474799220976622,0
20170411,0,0.2470278711228659,0
20170412,1,0.5674727873811815,0
20170413,0,0.3583695573108957,0
20170414,1,0.5643135067474794,0
20170417,0,0.4956096217372561,0
20170418,0,0.41124475169906544,0
20170419,1,0.555223003775562,0
20170420,1,0.5312838308006517,0
20170421,0,0.4340037684107495,0
20170424,0,0.45112552361609765,0
20170425,0,0.4170824929669216,0
20170426,0,0.4643959808658695,0
20170427,0,0.4227339201571633,0
20170428,0,0.277203785400835,0
20170501,0,0.44994966437883444,0
20170502,0,0.39913368637709135,0
20170508,1,0.5104355749168833,0
20170509,0,0.46663834692871553,0
20170510,0,0.49383630043635685,0
20170511,1,0.5471502978338759,0
20170512,1,0.5104402339982821,0
20170515,0,0.3939918044353261,0
20170516,1,0.515921759068951,0
20170517,0,0.3933734234674918,0
20170518,1,0.561299393255084,0
20170519,1,0.7195098243245878,0
20170522,1,0.639206156384492,0
20170523,1,0.7097526949053761,0
20170524,1,0.5813102278836739,0
20170525,1,0.5161211681213232,0
20170526,0,0.30325661997651965,0
20170529,0,0.3355174343388363,0
20170530,0,0.32672023279901263,0
20170531,0,0.2701253912098169,0
20170601,1,0.544706107899592,0
20170602,0,0.3438140144714862,0
20170605,0,0.40182096703488407,0
20170606,0,0.3392626213583801,0
20170607,0,0.3767247138327202,0
20170608,0,0.3628417450622577,0
20170609,1,0.6707758226256717,0
20170612,1,0.6249312630882126,0
20170613,0,0.3303284419806857,0
20170614,0,0.36452072901646476,0
20170615,0,0.48532941403026436,0
20170616,0,0.4017717058309424,0
20170619,0,0.4718908954778183,0
20170620,0,0.45102394934075096,0
20170621,0,0.4690151562157889,0
20170622,0,0.47850068891304054,0
20170623,1,0.5031709727828224,0
20170626,1,0.5126529582781457,0
20170627,1,0.5058226920505922,0
20170628,0,0.43721004091116117,0
20170629,0,0.3639965612683358,0
20170630,0,0.355324393872953,0
20170703,0,0.45275811504438307,0
20170704,0,0.46912214421574966,0
20170705,0,0.3424866622893667,0
20170706,0,0.4492090602274183,0
20170707,0,0.43444485230673874,0
20170710,0,0.45339334972462025,0
20170711,1,0.5117067381740829,0
20170712,0,0.41615455414219,0
20170713,0,0.45577520686198786,0
20170714,0,0.4735761378311888,0
20170718,0,0.4857189582324219,0
20170719,0,0.49930036111552395,0
20170720,1,0.6330823499260241,0
20170721,1,0.6101903807898115,0
20170724,0,0.40229066343063496,0
20170725,0,0.4741539092867265,0
20170726,0,0.3852484167731285,0
20170727,1,0.5739904979235276,0
20170728,0,0.4133308427493356,0
20170731,0,0.44358679449488536,0
20170801,0,0.4840765144256625,0
20170802,0,0.4516447151735408,1
20170803,0,0.4544450281659819,1
20170804,0,0.3932020516963853,1
20170807,0,0.4343554909969489,1
20170808,1,0.5618952483638138,1
20170809,1,0.5178866154686615,0
20170810,1,0.6971887831360594,0
20170814,1,0.6041144189505148,0
20170815,1,0.5522859618885814,0
20170816,1,0.5536117039228176,0
20170817,1,0.5901903604275737,0
20170818,1,0.5600507822783253,0
20170821,1,0.5605420996108366,0
20170822,1,0.5752184938890097,0
20170823,1,0.5752184938890097,0
20170824,1,0.6155606452047162,0
20170825,1,0.5817888612054496,0
20170828,1,0.5123734711443028,0
20170829,0,0.384430175652931,0
20170830,1,0.508623894599985,0
20170831,1,0.5065958399911786,0
20170901,0,0.42416611040542435,1
20170904,0,0.4935107789931776,0
20170905,1,0.5720114373812695,0
20170906,0,0.48844749660997344,0
20170907,0,0.43004209092590995,0
20170908,1,0.5733204646143784,0
20170911,1,0.6757948792926094,0
20170912,1,0.7569343046381561,0
20170913,1,0.5336545301322504,0
20170914,1,0.6376411325334992,0
20170915,1,0.5322287505159462,0
20170919,1,0.6006913200494624,0
20170920,1,0.5750979649930705,0
20170921,1,0.5841577200377638,0
20170922,1,0.5571810425094667,0
20170925,0,0.4488719787595021,0
20170926,1,0.5802724196024173,0
20170927,1,0.5520765591551586,0
20170928,1,0.5422120249319431,0
20170929,1,0.5350747871094845,0
20171002,1,0.5841577200377639,0
20171003,1,0.5346131695766351,0
20171004,1,0.5512538317954854,0
20171005,1,0.5512538317954854,0
20171006,1,0.6063339719795333,0
20171010,0,0.25635409654263325,0
20171011,1,0.5328490944882801,0
20171012,1,0.513520020344984,0
20171013,0,0.2956126987463994,0
20171016,0,0.4757633254813316,0
20171017,1,0.51594160466299,0
20171018,1,0.5579081036036254,0
20171019,1,0.5804797427040943,0
20171020,1,0.5135040819471972,0
20171023,1,0.504754854874942,0
20171024,0,0.45283906882626196,0
20171025,0,0.46663280164123155,0
20171026,1,0.5358903757134428,0
20171027,1,0.5668805503597305,0
20171030,0,0.4715528123441939,0
20171031,0,0.42606857546658294,0
20171101,1,0.5448076929017063,1
20171102,1,0.5438964570815825,1
20171106,1,0.6721416945436594,1
20171107,1,0.6334013962768993,1
20171108,0,0.49851920122209425,1
20171109,1,0.653101001642587,0
20171110,1,0.6281494069114117,0
20171113,1,0.5954649589079006,0
20171114,1,0.7878035787984334,0
20171115,1,0.6568309759080466,0
20171116,1,0.5219266341956241,0
20171117,1,0.6001329894686079,0
20171120,1,0.6361364556533303,0
20171121,1,0.6182964871700124,0
20171122,1,0.562669067621939,0
20171124,1,0.648773887571582,0
20171127,1,0.5676862840483612,0
20171128,1,0.5289498476301285,0
20171129,1,0.5094134031014879,0
20171130,1,0.6850692079585582,0
20171201,1,0.5780812287333952,0
20171204,1,0.7213173436151463,0
20171205,0,0.4678828379787985,0
20171206,1,0.6670103623752424,0
20171207,1,0.6768084797863548,0
20171208,1,0.6104849566218252,0
20171211,1,0.5794344418235381,0
20171212,1,0.6707226093119643,0
20171213,1,0.6462478041675904,0
20171214,1,0.7105386286619781,0
20171215,1,0.5584238207549672,0
20171218,1,0.6492422244452143,0
20171219,1,0.5753431771000905,0
20171220,0,0.4995393513022478,0
20171221,1,0.5885530102111248,0
20171222,0,0.4858359579508289,0
20171225,0,0.4500946451194712,0
20171226,0,0.4119246654594866,0
20171227,0,0.41964521741534927,0
20171228,0,0.4689294153324371,0
20171229,1,0.5279468401330091,0
20180104,1,0.5650282050734691,0
20180105,0,0.4905875323073114,0
20180109,1,0.798235923655838,0
20180110,1,0.7036696670423847,0
20180111,1,0.6003287494188546,0
20180112,1,0.5519338754186688,0
20180115,1,0.6152706091495478,0
20180116,1,0.5041023429833161,0
20180117,0,0.44210018656634087,0
20180118,1,0.5641021062123904,0
20180119,1,0.5310304523001343,0
20180122,0,0.4089391108467983,0
20180123,1,0.5702316411668544,0
20180124,1,0.5355828497878979,0
20180125,1,0.5688818977177799,0
20180126,1,0.538222822862026,0
20180129,1,0.6424141707029573,1
20180130,1,0.6660044274814796,1
20180131,1,0.5431178750132128,1
20180201,1,0.5995867142849711,1
20180202,0,0.4998819398361511,1
20180205,1,0.5663559636917009,1
20180206,1,0.6837115795524169,1
20180207,1,0.7017932469891736,1
20180208,1,0.6305223711525546,1
20180209,1,0.6136636855974748,0
20180213,1,0.6199910422141983,0
20180214,1,0.5807833761788622,0
20180215,0,0.35404900573836806,0
20180216,1,0.576123260685717,0
20180219,0,0.46352855943852106,0
20180220,1,0.6011318020112902,0
20180221,0,0.4386828705343637,0
20180222,1,0.7242467117129003,0
20180223,0,0.480567602327254,1
20180226,0,0.4217038526676588,1
20180227,0,0.4746664643249274,1
20180228,1,0.5429890382161414,1
20180301,1,0.5989831899832507,1
20180302,1,0.5833075132744808,0
20180305,1,0.5507335062487528,0
20180306,1,0.5527905251455555,0
20180307,1,0.6484158815979805,0
20180308,1,0.5191661231900707,0
20180309,0,0.4401080561504915,0
20180312,0,0.4958097650949489,0
20180313,1,0.6300658821522305,0
20180314,1,0.5903530072380048,0
20180315,0,0.4764436094655036,1
20180316,1,0.5683282206880542,1
20180319,1,0.6169174319132753,1
20180320,1,0.5996403091696543,1
20180322,1,0.5392498664639321,1
20180323,1,0.5812742602761497,0
20180326,0,0.45811566897646744,0
20180327,0,0.39850029644428364,0
20180328,1,0.5853749105976054,0
20180329,0,0.4122458046989234,0
20180330,1,0.5398375791341701,0
20180402,1,0.5765144525254389,0
20180403,1,0.6224552686756423,0
20180404,1,0.6400383255334975,0
20180405,1,0.7034415956626175,0
20180406,1,0.596017200974623,0
20180409,1,0.5313212908848408,0
20180410,0,0.39736207258505324,0
20180411,0,0.4380362921454307,0
20180412,0,0.19556870441749435,0
20180413,0,0.4416976209140887,0
20180416,0,0.4395378151496907,0
20180417,0,0.4764336022477586,0
20180418,1,0.5086952500078187,0
20180419,1,0.5231569403058012,0
20180420,1,0.5975441227441466,0
20180423,1,0.6033818368150539,0
20180424,0,0.47839826110553363,0
20180425,0,0.40097189595790833,0
20180426,0,0.48381496233466337,0
20180427,0,0.46989191526179624,0
20180501,0,0.4673356238610064,0
20180502,1,0.5227812753441049,0
20180507,0,0.44193491963144127,0
20180508,1,0.5155383023224408,0
20180509,0,0.4586995762892369,0
20180510,1,0.5395008931749755,0
20180511,1,0.5315797170080266,0
20180514,0,0.479960111276571,0
20180515,1,0.5524766196070919,0
20180516,1,0.5318703604168975,0
20180517,1,0.517067516471627,0
20180518,1,0.5465782444617866,0
20180521,1,0.5247063137063729,0
20180522,0,0.4013115800165599,0
20180523,1,0.6468480474932276,0
20180524,0,0.4665734658267061,0
20180525,1,0.6198214116061926,0
20180528,0,0.442129390297274,1
20180529,1,0.5549574966493321,0
20180530,1,0.5800577677407749,0
20180531,0,0.47272378567828255,0
20180601,0,0.47560044844688887,0
20180604,1,0.5302010433841777,0
20180605,0,0.3918575813210542,0
20180606,0,0.40725168590787875,0
20180607,0,0.4726530223209923,0
20180608,0,0.48334536995532434,0
20180611,1,0.5334627063076252,0
20180612,0,0.46732373187084214,1
20180613,1,0.581788930384712,1
20180614,0,0.4368659934545762,1
20180615,1,0.5100972516671606,1
20180618,1,0.5072059142482002,1
20180619,1,0.7678020378468177,0
20180620,1,0.5688638489841469,0
20180621,1,0.5493969387343998,0
20180622,1,0.5572018045728071,0
20180625,1,0.5281857671018404,1
20180626,1,0.5295044228883479,1
20180627,0,0.49902612051097966,1
20180628,1,0.5103280728693729,0
20180629,0,0.4676698058983427,1
20180702,1,0.5686999450794029,0
20180703,1,0.6334457579557191,0
20180704,0,0.4836781419295032,0
20180705,1,0.5882616137004117,0
20180706,1,0.5962966699825847,0
20180709,0,0.4587038408214962,0
20180710,0,0.33911447819611573,0
20180711,1,0.6884032335041951,0
20180712,0,0.49641023141483465,0
20180713,1,0.5359561736270685,0
20180717,0,0.46127552211050604,0
20180718,0,0.4471745525849757,0
20180719,0,0.2911893491345588,0
20180720,1,0.5330340591348539,0
20180723,0,0.48273292233769644,0
20180724,0,0.44890772813235347,0
20180725,0,0.495359231438555,0
20180726,0,0.3944886012727431,0
20180727,1,0.5526846869390515,0
20180730,0,0.4162190450832272,0
20180731,1,0.5156843397798293,0
20180801,1,0.627228748419329,0
20180802,1,0.5355176795798452,0
20180803,0,0.47691545463925394,0
20180806,1,0.6035666962019794,1
20180807,1,0.5122106885200592,1
20180808,1,0.7042467874196505,1
20180809,0,0.4319143297184133,1
20180810,1,0.579755877552882,0
20180813,1,0.5956329700330466,0
20180814,0,0.4928736712783564,0
20180815,0,0.4955203346987832,0
20180816,1,0.5893327563300632,0
20180817,1,0.5293323657561512,0
20180820,1,0.5417733232900251,0
20180821,1,0.7199083188167229,0
20180822,0,0.49639171773696106,0
20180823,0,0.48471959116325847,0
20180824,1,0.5251353610144829,0
20180827,0,0.1282052973027531,0
20180828,0,0.3897196620881635,0
20180829,0,0.4659299320363561,0
20180830,0,0.39671292306334716,0
20180831,0,0.36571469324733896,0
20180903,0,0.40133206386981846,0
20180904,0,0.3917594457143329,0
20180905,0,0.38406110829631507,0
20180906,1,0.5131060293869323,0
20180907,1,0.5484698551781018,0
20180910,1,0.5028122256900629,0
20180911,0,0.35669461557985066,0
20180912,0,0.48367518511078417,0
20180913,0,0.48744523608179735,0
20180914,1,0.5176246524345971,0
20180918,1,0.5538796071310125,0
20180919,0,0.46345047316329185,0
20180920,0,0.4580937206166575,0
20180921,0,0.4732167263496674,0
20180925,0,0.4539826243791503,0
20180926,1,0.5228319173411404,0
20180927,1,0.6586169711132418,0
20180928,0,0.42246810165283305,0
20181001,1,0.5654113864926387,0
20181002,0,0.4803547105428859,0
20181003,1,0.5428309527738735,1
20181004,1,0.6657815759337707,1
20181005,1,0.6529522433677526,1
20181009,1,0.6018566549710151,1
20181010,1,0.8492636489277607,1
20181011,1,0.5052002721476666,0
20181012,1,0.6139497494189472,0
20181015,1,0.5855012623013863,0
20181016,1,0.7747272664184229,0
20181017,1,0.6127522726484567,1
20181018,1,0.5537318207497178,1
20181019,1,0.6644531125595361,1
20181022,1,0.6084420275022394,1
20181023,0,0.39889198366898326,0
20181024,1,0.5757850876875791,1
20181025,1,0.5725590077576821,0
20181026,1,0.5263663571358727,0
20181029,1,0.5617332347433507,0
20181030,1,0.6053909708545981,0
20181031,0,0.46462510858532885,0
20181101,1,0.6150529952387167,0
20181102,0,0.4777279171016189,0
20181105,1,0.5593339981687433,0
20181106,0,0.48541479133579013,0
20181107,1,0.6410758126824118,0
20181108,1,0.516953335042131,0
20181109,1,0.6332209350906771,0
20181112,0,0.45941494359441654,0
20181113,1,0.5386535392448332,0
20181114,1,0.5524360978987504,0
20181115,1,0.6858550120928946,0
20181116,0,0.4544113543475524,0
20181119,1,0.5382365197625583,0
20181120,0,0.4779734681215991,0
20181121,1,0.5188321195276652,0
20181122,0,0.3225877117873898,0
20181126,0,0.42023777585206673,0
20181127,0,0.2537399933919751,0
20181128,1,0.5066397308929788,0
20181129,0,0.4808553566468999,0
20181130,0,0.2268030778329497,0
20181203,0,0.37572582822676914,1
20181204,1,0.5879524729326843,1
20181205,1,0.5499008319606132,1
20181206,1,0.6962893079928859,0
20181207,1,0.6053872982461254,0
20181210,1,0.740358592107644,0
20181211,1,0.6904990933714258,0
20181212,1,0.6061519696224731,0
20181213,0,0.475557416034016,1
20181214,0,0.3685177400765345,1
20181217,0,0.3398269232696864,1
20181218,1,0.56415828921995,1
20181219,1,0.709914626392765,1
20181220,1,0.6809862687486269,1
20181221,1,0.5510009846012061,1
20181225,1,0.5459378179703026,0
20181226,1,0.610752080413675,0
20181227,1,0.6213909702803716,0
20181228,0,0.4165666620946021,0
20190104,1,0.641762081158465,0
20190107,1,0.5577974039071889,0
20190108,0,0.49580279721791365,0
20190109,1,0.643069166400349,0
20190110,1,0.5317914748518575,0
20190111,1,0.6780119150913537,0
20190115,0,0.36267459573150185,0
20190116,0,0.37813167355777894,0
20190117,1,0.5734528025015035,0
20190118,1,0.667493602188335,0
20190121,0,0.45627810709832894,0
20190122,1,0.5127833664162065,0
20190123,1,0.5512667070854387,0
20190124,1,0.5355145576856262,0
20190125,1,0.5754820262875288,0
20190128,0,0.37580841113665653,0
20190129,0,0.3998485824993887,0
20190130,1,0.6706131821615208,0
20190131,1,0.5306506860022548,0
20190201,0,0.4113340223850504,0
20190204,0,0.4406461922194467,0
20190205,1,0.6303298525822384,0
20190206,0,0.4217731058733805,0
20190207,0,0.3726268634277836,0
20190208,1,0.6516936378132152,0
20190212,0,0.4860697144805479,0
20190213,1,0.53163544630362,0
20190214,0,0.40378550898828436,0
20190215,0,0.381892719355435,0
20190218,0,0.3898288220394216,0
20190219,0,0.39513528198430564,0
20190220,0,0.38726753120159985,0
20190221,0,0.4003502979743741,0
20190222,0,0.2138669935218202,0
20190225,0,0.46491371461879577,0
20190226,0,0.4785814698124445,0
20190227,1,0.5011262317911418,0
20190228,0,0.4830757786673776,0
20190301,0,0.41123060227059227,0
20190304,1,0.5702181957415564,0
20190305,0,0.4676991306720499,0
20190306,0,0.18861228375497793,0
20190307,0,0.2958248210944824,0
20190308,0,0.45140981368847105,0
20190311,1,0.5096660509301688,0
20190312,0,0.2506268102753117,0
20190313,0,0.3613605858620974,0
20190314,1,0.6031614300772361,0
20190315,1,0.5690651058691564,1
20190318,1,0.5009044568686435,1
20190319,0,0.4584580716361862,1
20190320,1,0.5214050141899909,1
20190322,0,0.4252822882272316,1
20190325,1,0.8371055246182567,0
20190326,1,0.5708280718778337,0
20190327,0,0.44877238626983923,0
20190328,1,0.7213462075669612,0
20190329,0,0.3201616372557153,0
20190401,0,0.4359503892540893,0
20190402,0,0.4158406527076639,0
20190403,1,0.5810200026070674,0
20190404,0,0.3685204077636006,0
20190405,0,0.49693310089932946,0
20190408,0,0.3272525005120569,0
20190409,0,0.3423311783094904,0
20190410,0,0.2792946779603929,0
20190411,0,0.29513775714104495,0
20190412,0,0.31059280279106166,0
20190415,0,0.15742319551407793,0
20190416,0,0.32107849313752934,0
20190417,0,0.3145705646531704,0
20190418,0,0.35467479630051807,0
20190419,0,0.25752237163449115,0
20190422,0,0.40668557833497737,1
20190423,0,0.3125557381789956,1
20190424,0,0.2469888872229225,1
20190425,0,0.4446828768591436,1
20190426,0,0.46490293563992585,1
20190507,0,0.4221227413727389,1
20190508,1,0.6590445455731322,0
20190509,0,0.4706053289904898,0
20190510,0,0.3351763027543168,0
20190513,0,0.47364310044264446,0
20190514,1,0.5979896199219673,0
20190515,1,0.5295186998596078,0
20190516,1,0.5448885318675646,0
20190517,1,0.5267743110511158,0
20190520,1,0.518061640347474,0
20190521,0,0.25939985567021406,0
20190522,0,0.29465532693367774,0
20190523,0,0.28123730994402857,0
20190524,0,0.3938818276198937,0
20190527,0,0.34640178675763866,0
20190528,0,0.35899655129766356,0
20190529,0,0.47090110276930597,0
20190530,1,0.507637628867602,0
20190531,1,0.818710339232079,0
20190603,1,0.6181797379715557,0
20190604,1,0.6820424346698217,0
20190605,0,0.3739215631367049,0
20190606,0,0.4211603077986626,0
20190607,0,0.3299534778567492,0
20190610,0,0.34797401332868877,0
20190611,0,0.4592750908936818,0
20190612,0,0.2400662400767805,0
20190613,0,0.473390122283516,0
20190614,0,0.2281509072739287,0
20190617,1,0.5370195471276574,0
20190618,0,0.33460790415827024,0
20190619,0,0.4835363128579781,0
20190620,0,0.4483822377158774,0
20190621,0,0.44195656145836076,0
20190624,0,0.4088896378617757,0
20190625,0,0.32136659911590953,0
20190626,1,0.5106485840605304,0
20190627,1,0.7115458228724495,0
20190628,0,0.4805181943586719,0
20190701,1,0.5664899430194671,0
20190702,1,0.6394974390877356,0
20190703,1,0.6999671358081518,0
20190704,1,0.5181458854887543,0
20190705,0,0.499247665300973,0
20190708,0,0.3765223851194383,0
20190709,0,0.35126769397037366,0
20190710,0,0.24481117674452682,0
20190711,0,0.48489685321227854,0
20190712,1,0.5880614960658577,0
20190716,1,0.5610404585380587,0
20190717,1,0.5487297602054662,0
20190718,1,0.5383771155188382,0
20190719,1,0.5419170637323962,0
20190722,0,0.31907944308141706,0
20190723,0,0.31269673849897284,0
20190724,0,0.3274370205301394,0
20190725,0,0.2740910526858726,0
20190726,0,0.4231338748081127,0
20190729,0,0.4453413270219478,1
20190730,0,0.3174202439224028,1
20190731,0,0.4251610191658055,1
20190801,1,0.5708949833177465,1
20190802,1,0.7657174173233801,1
20190805,1,0.6598815658150095,0
20190806,1,0.85718750555149,0
20190807,1,0.6679589582866455,0
20190808,1,0.679835036099123,0
20190809,0,0.32197315333092946,0
20190813,0,0.16359387493742908,0
20190814,0,0.4653675450588796,0
20190815,0,0.3669749406064442,0
20190816,0,0.31283030687271124,0
20190819,0,0.3889253840554806,0
20190820,0,0.4477434661651422,0
20190821,0,0.4755582437979106,0
20190822,1,0.5246390575542633,0
20190823,1,0.5427262244650396,1
20190826,0,0.2803307203773364,0
20190827,0,0.3880181635538253,0
20190828,0,0.27919509700259754,0
20190829,1,0.5665784453899595,0
20190830,1,0.7094661532915026,0
20190902,1,0.5531112952764333,0
20190903,1,0.648027528727831,0
20190904,0,0.48509440344975524,0
20190905,0,0.4495196760839679,0
20190906,0,0.32113123615019795,0
20190909,1,0.6246342116729777,0
20190910,0,0.47457601726044796,0
20190911,0,0.2901049032705178,0
20190912,1,0.5081850719187667,0
20190913,0,0.41560892495630886,0
20190917,0,0.20337979747592372,0
20190918,0,0.3930000626347464,0
20190919,0,0.3722320678948298,0
20190920,0,0.4154301227520997,0
20190924,0,0.33797739464267623,0
20190925,0,0.3908108192299602,0
20190926,0,0.3412500226210775,0
20190927,0,0.46171450560952587,0
20190930,0,0.37366820550902635,0
20191001,0,0.3378192417140748,0
20191002,1,0.5259333562813593,0
20191003,1,0.6642510859917098,0
20191004,0,0.4139941682085923,0
20191007,0,0.20624836128551488,0
20191008,0,0.43382149232967093,0
20191009,1,0.6280533754719638,0
20191010,0,0.47926287092872055,0
20191011,1,0.5116275329637058,0
20191015,0,0.33237156903993575,0
20191016,0,0.3809698016203093,0
20191017,1,0.5053814713738899,0
20191018,0,0.45055322746864734,0
20191021,0,0.3145083643435377,0
20191023,0,0.296795002963611,0
20191024,0,0.4052179554059215,0
20191025,0,0.3522924654693418,0
20191028,0,0.2749804213547346,0
20191029,1,0.5807098200826342,0
20191030,1,0.6298199672959239,0
20191031,0,0.45455805565824975,0
20191101,1,0.6726283544634838,0
20191105,1,0.5058856402786723,0
20191106,1,0.5645584696538383,0
20191107,0,0.22669411370658193,0
20191108,1,0.5765872039889468,0
20191111,0,0.48508022512856463,0
20191112,0,0.399783104022211,0
20191113,0,0.4911617729289791,0
20191114,0,0.3732553938287883,0
20191115,0,0.3056159826783965,0
20191118,1,0.5893491104585253,0
20191119,1,0.6937886150316585,0
20191120,0,0.3676346727747453,0
20191121,0,0.36292752797451006,0
20191122,0,0.46083159514837546,0
20191125,0,0.3466395324452568,0
20191126,0,0.357775291069145,0
20191127,0,0.4447560143816308,0
20191128,0,0.3782150052317068,0
20191129,1,0.7399352152771522,0
20191202,0,0.4125349773356729,0
20191203,0,0.26799676554320057,0
20191204,0,0.3813293843546617,0
20191205,0,0.421366087354681,0
20191206,0,0.4874915616254285,0
20191209,1,0.5125377466282365,0
20191210,0,0.4680952030302769,0
20191211,1,0.5537039893191669,0
20191212,1,0.5547069610401197,0
20191213,0,0.4955578728264891,0
20191216,0,0.45029906856341195,0
20191217,0,0.4321715632126084,0
20191218,0,0.4835119779068863,0
20191219,1,0.5979854204131635,0
20191220,1,0.5246646055454248,0
20191223,0,0.3160754504137591,0
20191224,0,0.42830443450675676,0
20191225,0,0.44650747524838835,0
20191226,0,0.32072340641354485,1
20191227,0,0.2999391241517846,1
20191230,0,0.36224800949851704,0
20200106,1,0.7003524178724604,0
20200107,0,0.34279464097215023,0
20200108,1,0.6692590105553458,0
20200109,0,0.372539965200461,0
20200110,0,0.3709612013613883,0
20200114,0,0.45560703834344846,0
20200115,0,0.3723226938569381,0
20200116,0,0.4411657789892297,0
20200117,0,0.4667015095827963,0
20200120,0,0.47758683952212644,1
20200121,0,0.47663741951891425,1
20200122,0,0.4781777279902003,1
20200123,0,0.30471240836243285,1
20200124,0,0.4235180654538591,1
20200127,1,0.6367297435063366,0
20200128,1,0.5245629361461015,0
20200129,1,0.6836342635652426,0
20200130,1,0.6226655298789822,0
20200131,0,0.4303531421140378,0
20200203,0,0.44636040576760594,0
20200204,0,0.3702197957419455,0
20200205,0,0.4347672014296463,0
20200206,0,0.46793243247565885,0
20200207,1,0.5481158589552194,0
20200210,1,0.5060935651484605,0
20200212,1,0.6207045265209451,0
20200213,1,0.530261570859107,0
20200214,0,0.3791604457948054,0
20200217,1,0.5205160663449054,1
20200218,1,0.5904212196222569,1
20200219,1,0.619115384501813,1
20200220,0,0.4111883386097788,1
20200221,1,0.6342974947781626,1
20200225,1,0.6032046612027208,1
20200226,1,0.5424684841623654,1
20200227,0,0.352828804635636,1
20200228,1,0.7277043088434496,0
20200302,0,0.44514545836445335,1
20200303,1,0.5761679342547251,1
20200304,1,0.6823162051690758,1
20200305,1,0.6234244836860737,1
20200306,1,0.5324294934702446,1
20200309,1,0.5987141985698663,1
20200310,1,0.5046095965624606,1
20200311,1,0.6664136957685157,1
20200312,0,0.4740395000976871,1
20200313,1,0.7376572648141719,1
20200316,1,0.6623829030975977,1
20200317,0,0.49270852285711914,0
20200318,1,0.6964454906355259,0
20200319,1,0.5762335199763542,0
20200323,1,0.5310218074867412,0
20200324,1,0.585545789810117,0
20200325,1,0.6429827853369622,1
20200326,1,0.8576129163880669,0
20200327,1,0.7416222573410561,1
20200330,1,0.5984005270759457,0
20200331,1,0.5048515958377285,0
20200401,1,0.5137884593158433,0
20200402,1,0.5491521321370516,0
20200403,0,0.48935612420467206,0
20200406,1,0.6035083379975562,0
20200407,1,0.5725607523543661,0
20200408,0,0.38341892698745206,0
20200409,1,0.6621023463351554,0
20200410,0,0.49810262115438503,0
20200413,1,0.5085500249357983,0
20200414,1,0.5047876015816403,0
20200415,1,0.5349259896159259,1
20200416,0,0.35838807647095683,1
20200417,0,0.29979890975019546,1
20200420,1,0.5947578803236901,1
20200421,1,0.509394676659027,1
20200422,1,0.6570868095665663,0
20200423,1,0.6962107051331635,0
20200424,0,0.39889785276654327,1
20200427,1,0.7305913100481858,1
20200428,1,0.6661428132453406,1
20200430,0,0.3976008867127855,1
20200501,1,0.5604316987259025,1
20200507,1,0.560428435953905,0
20200508,1,0.517503175061601,0
20200511,0,0.3895957758970151,0
20200512,0,0.48959165054623976,1
20200513,1,0.6719113418967648,0
20200514,0,0.44756569482975933,0
20200515,0,0.4709752087514015,0
20200518,1,0.6133308271961806,0
20200519,1,0.5038774277195734,0
20200520,0,0.4821468383488864,0
20200521,1,0.6152775047433124,0
20200522,0,0.41281536633334887,0
20200525,0,0.48626512671317745,0
20200526,1,0.5082453671104146,0
20200527,0,0.4191651176475153,0
20200528,0,0.4460381420370303,0
20200529,1,0.5900171476555056,0
20200601,0,0.44126577523134175,0
20200602,0,0.49748419872847904,0
20200603,0,0.46243142174129404,0
20200604,0,0.22690911333410607,0
20200605,0,0.3210539022395178,1
20200608,0,0.3011427155706909,1
20200609,0,0.3550137768310992,1
20200610,0,0.1824904821215342,1
20200611,0,0.2541957992800367,1
20200612,0,0.352379307462953,0
20200615,1,0.6061354438488255,0
20200616,1,0.6895085280590181,0
20200617,1,0.6046800186200226,0
20200618,1,0.6368372144325177,0
20200619,0,0.499025551818412,0
20200622,0,0.49859865001855813,0
20200623,1,0.5204073424261786,0
20200624,0,0.31215384710409316,1
20200625,1,0.679220687445436,0
20200626,1,0.5863567690523402,0
20200629,0,0.4740823658285967,0
20200630,0,0.33522799739847575,0
20200701,0,0.38986013629103955,0
20200702,1,0.622763607020362,0
20200703,1,0.7177191719261451,0
20200706,1,0.509975912159812,0
20200707,0,0.30402225414751344,1
20200708,1,0.5252017561229914,0
20200709,0,0.31593283947111034,0
20200710,0,0.4910093867042583,0
20200713,1,0.5451125505455502,0
20200714,0,0.3321827163108137,0
20200715,1,0.5103587325449422,0
20200716,1,0.6104928972112662,0
20200717,1,0.5237682662016948,0
20200720,1,0.5527955053058708,0
20200721,0,0.49554790604695736,0
20200722,0,0.38641276559832133,0
20200727,0,0.22231403257065144,0
20200728,0,0.4848868172482062,0
20200729,0,0.4713377844694785,0
20200730,0,0.4780371702534407,0
20200731,1,0.6970926966992925,0
20200803,1,0.5027461300850712,0
20200804,1,0.5666992168258923,0
20200805,0,0.47839195990849304,0
20200806,0,0.41572917717256297,0
20200807,1,0.5028623185271612,0
20200811,0,0.39627074432684306,0
20200812,0,0.4278968232101149,0
20200813,1,0.6167779340010234,0
20200814,0,0.4567636497554089,0
20200817,0,0.35668713003455454,0
20200818,1,0.5279375455835339,0
20200819,1,0.58275377475863,0
20200820,0,0.46656856516100426,0
20200821,0,0.4438192330381334,0
20200824,0,0.4420742760457601,0
20200825,0,0.43459877995358887,1
20200826,0,0.3845812306186929,1
20200827,0,0.453094509974548,1
20200828,1,0.597344148805611,0
20200831,1,0.5159098550763931,0
20200901,0,0.46187266479540207,0
20200902,0,0.3782894411012671,0
20200903,1,0.5779707901770101,0
20200904,0,0.33699647332879146,0
20200907,1,0.5144326732619436,0
20200908,1,0.5015777477722094,0
20200909,0,0.3720776474948921,0
20200910,0,0.3629642156057112,0
20200911,1,0.6412071800139277,0
20200914,1,0.6317647297019708,0
20200915,0,0.43149061782314374,0
20200916,1,0.5114605939593448,0
20200917,0,0.3270073383193698,1
20200918,1,0.5279388774295736,0
20200923,1,0.5293138347714775,0
20200924,0,0.3571925796136793,0
20200925,0,0.49868841300950995,0
20200928,0,0.44945816089587254,0
20200929,1,0.6016143560119193,0
20200930,0,0.3956215049182,0
20201001,0,0.4255696854728433,0
20201002,0,0.39170927728438004,0
20201005,1,0.5052363818625772,0
20201006,0,0.43189888165669654,0
20201007,0,0.3922644892053931,0
20201008,0,0.41951227485232856,0
20201009,0,0.3528756705853244,0
20201012,0,0.4480445298153207,0
20201013,0,0.41529014359453476,1
20201014,0,0.46569239250117167,0
20201015,1,0.5072832243321559,0
20201016,0,0.38384435797143635,0
20201019,0,0.3616185535487227,0
20201020,0,0.49659063671144266,0
20201021,0,0.2405879787063001,0
20201022,0,0.35834701056309076,1
20201023,1,0.561984840475401,1
20201026,0,0.44380958012742444,1
20201027,0,0.33378298815020374,1
20201028,1,0.5221325732554827,1
20201029,1,0.6913622014487592,0
20201030,0,0.4323324106941916,0
20201102,1,0.5880637791802458,0
20201104,0,0.3556521368278425,0
20201105,0,0.450105785397957,0
20201106,0,0.3243833350411026,0
20201109,0,0.427058898142433,0
20201110,0,0.4329356655303526,0
20201111,0,0.47526549611623725,0
20201112,0,0.2408547509651573,0
20201113,0,0.3968442487372018,0
20201116,0,0.42826183304650967,0
20201117,0,0.4989712033675772,0
20201118,1,0.5040041370191795,0
20201119,0,0.45967832666616704,0
20201120,0,0.4086394905450326,0
20201124,0,0.35936370472232587,0
20201125,1,0.5507408236363011,0
20201126,0,0.4789320036966671,0
20201127,1,0.5421474851699841,0
20201130,1,0.5418831502436942,0
20201201,0,0.43934622724269073,0
20201202,0,0.4036497796224088,0
20201203,0,0.4521423387465386,0
20201204,1,0.555533849140905,0
20201207,0,0.46101514375126146,0
20201208,1,0.5397111518223461,0
20201209,0,0.4881807086427946,0
20201210,1,0.5472160022251726,0
20201211,0,0.4514583986733316,0
20201214,0,0.47350067128599876,0
20201215,0,0.3540646210211119,0
20201216,1,0.500258603479631,0
20201217,1,0.5316522889146578,0
20201218,1,0.5849867820756843,0
20201221,1,0.535048755917583,0
20201222,1,0.574227777818489,0
20201223,0,0.4282799797632578,0
20201224,0,0.470418194103367,1
20201225,0,0.26358311946466734,1
20201228,1,0.5127717609484261,1
20201229,1,0.6173935802390719,1
20201230,0,0.3898274540917221,1
20210104,0,0.4826757820371647,0
20210105,1,0.5537822906617847,0
20210106,0,0.43741283099207284,0
20210107,1,0.5898417569986104,0
20210108,0,0.44538291527932045,1
20210112,0,0.44474597503426244,0
20210113,1,0.5861307638551008,0
20210114,1,0.5253464189076736,1
20210115,0,0.4333509762834559,0
20210118,1,0.570980734600792,0
20210119,0,0.46381818031926925,0
20210120,0,0.45308590864849313,0
20210121,0,0.4956322271136111,1
20210122,1,0.5395144040669358,1
20210125,0,0.484096456874415,1
20210126,0,0.38265945866220463,1
20210127,1,0.6169436237438605,1
20210128,0,0.48554798154238715,0
20210129,1,0.5561082484238197,1
20210201,1,0.6255886485977998,0
20210202,1,0.7104848021303007,0
20210203,1,0.5009091880880955,0
20210204,1,0.5733121427687978,0
20210205,0,0.42719023763936714,0
20210208,1,0.55806721354441,0
20210209,0,0.3971758791753279,0
20210210,1,0.515499087736376,0
20210212,0,0.4873692398501722,0
20210215,0,0.46021762092215374,0
20210216,1,0.5347785844350794,0
20210217,1,0.5407375101031974,0
20210218,0,0.41448833376843414,0
20210219,1,0.503104746839164,1
20210222,0,0.4841995173589276,1
20210224,1,0.5839017335797917,0
20210225,0,0.46944146267898745,0
20210226,1,0.6235413859411169,0
20210301,0,0.4955150274367295,0
20210302,1,0.6355057219309644,0
20210303,1,0.5179271766010779,0
20210304,1,0.5662764286188432,0
20210305,1,0.6694237853059648,0
20210308,0,0.42135374202580916,0
20210309,1,0.6711245190211436,0
20210310,1,0.5882420602652129,0
20210311,0,0.4399791415305429,0
20210312,1,0.5510188098263367,0
20210315,1,0.5067006225128161,0
20210316,1,0.5422146566464199,0
20210317,0,0.3839268753801312,0
20210318,1,0.651470145853897,1
20210319,1,0.5490907180362075,0
20210322,1,0.5137587872649245,0
20210323,0,0.4390765549798303,0
20210324,0,0.42267467102716494,0
20210325,1,0.6183633564646949,0
20210326,1,0.7330348743940175,0
20210329,0,0.4770770740908606,0
20210330,0,0.46205255679235613,0
20210331,1,0.6013985555542478,0
20210401,1,0.7097580981335551,0
20210402,1,0.6681844934937946,1
20210405,0,0.46811627397588584,1
20210406,1,0.5350819766072336,0
20210407,1,0.640843123705627,0
20210408,0,0.4672807245605451,0
20210409,1,0.681837173396497,0
20210412,1,0.6347958699435191,0
20210413,1,0.5603060297040305,0
20210414,0,0.4979343840081634,1
20210415,1,0.6101289539077168,1
20210416,0,0.4777678432772153,1
20210419,1,0.5823160390202043,1
20210420,0,0.395584269188778,0
20210421,1,0.5447255661444438,0
20210422,1,0.6392652001635135,0
20210423,1,0.5027829434290485,0
20210426,0,0.4783798854720089,0
20210427,1,0.5400213184596924,0
20210428,1,0.6377375412421904,0
20210430,0,0.4895633835066176,0
20210506,0,0.46683196590171705,1
20210507,0,0.47922695094788986,1
20210510,1,0.5396991879980987,1
20210511,0,0.4412799441611915,1
20210512,0,0.4746652748924117,1
20210513,1,0.635781883290521,0
20210514,1,0.6079765685418044,0
20210517,0,0.4532259349023843,0
20210518,1,0.5180732150984585,0
20210519,0,0.43815642700167096,0
20210520,0,0.49041900860314436,0
20210521,0,0.4558176877951378,0
20210524,0,0.451364308755488,0
20210525,0,0.43943813444020785,0
20210526,0,0.4622972990012445,0
20210527,1,0.5945013401797337,0
20210528,1,0.5864954036963599,0
20210531,0,0.4102341375766853,0
20210601,0,0.3666138220633865,0
20210602,0,0.41802223061609783,0
20210603,1,0.609923562914987,0
20210604,1,0.5846809975536826,0
20210607,1,0.5282463682128263,0
20210608,0,0.4708998834131825,0
20210609,1,0.5833892117007838,0
20210610,1,0.542556051062242,0
20210611,1,0.5844881368443149,0
20210614,1,0.5971941227986525,1
20210615,0,0.47380954808978765,1
20210616,0,0.3437789777411571,1
20210617,0,0.38711155286530385,1
20210618,1,0.6183971176315538,1
20210621,1,0.7232459769256598,0
20210622,1,0.5356008978410306,0
20210623,1,0.511356708444132,0
20210624,1,0.5696580019177825,0
20210625,0,0.4667693354861649,0
20210628,1,0.575662595133312,0
20210629,1,0.6167856209600482,0
20210630,0,0.48462519785240454,0
20210701,0,0.4576900761740312,0
20210702,0,0.4874631147414939,1
20210705,1,0.5309665484736983,0
20210706,1,0.5643070063147408,0
20210707,0,0.479425034148614,0
20210708,1,0.6788200014618416,0
20210709,1,0.6425569079249979,0
20210712,1,0.520618842548636,1
20210713,0,0.4397334920871227,1
20210714,0,0.44994438970325273,1
20210715,0,0.3336184215013841,1
20210716,1,0.5209687314865236,1
20210719,1,0.5727650833086932,0
20210720,1,0.5375261488242181,0
20210721,0,0.48784804239303264,0
20210726,1,0.5970511667968007,0
20210727,1,0.510201344720001,0
20210728,1,0.5864844592406039,0
20210729,0,0.3893150058847138,0
20210730,0,0.38532912701400024,0
20210802,0,0.4807173963010164,0
20210803,0,0.42990161088754664,0
20210804,0,0.46657237763530096,0
20210805,0,0.41254700384340287,0
20210806,0,0.41498276724684213,0
20210810,0,0.46360850317864777,0
20210811,1,0.531553817776749,0
20210812,0,0.4158508926446183,0
20210813,0,0.4657488260551226,0
20210816,1,0.5582285612617803,0
20210817,1,0.5341713083610906,0
20210818,0,0.45917668215381496,0
20210819,1,0.5875792357578619,0
20210820,0,0.48772929746485744,0
20210823,0,0.4742833136051427,0
20210824,1,0.5106346544979794,0
20210825,0,0.375174105140695,0
20210826,1,0.5176768425345233,0
20210827,1,0.5170804186734811,0
20210830,1,0.5204669853608861,0
20210831,0,0.48838279742518687,1
20210901,0,0.4477256459650668,1
20210902,0,0.37483347746345536,1
20210903,0,0.46149750309984827,1
20210906,0,0.29931030576019185,0
20210907,0,0.45557622354581856,0
20210908,1,0.5435601963478092,0
20210909,0,0.26640099996583816,0
20210910,0,0.39513090921280747,0
20210913,0,0.3263608838277555,0
20210914,0,0.27154820336937874,0
20210915,1,0.5085927673480175,1
20210916,0,0.4603802313564757,1
20210917,0,0.4769759954224568,1
20210921,1,0.5187032152035762,0
20210922,1,0.5657367318143899,0
20210924,1,0.5743180768874161,0
20210927,1,0.5455487772821859,0
20210928,1,0.5166181416294224,1
20210929,0,0.4585293788883538,0
20210930,1,0.5924579730762246,0
20211001,1,0.569835821104921,0
20211004,1,0.5714559551869429,1
20211005,1,0.5523879817105103,0
20211006,1,0.6466589348765195,0
20211007,1,0.5638275410044992,0
20211008,1,0.6187707465321505,0
20211011,1,0.5413440011300669,0
20211012,1,0.5053316535273172,0
20211013,0,0.3918649256254862,0
20211014,0,0.3428742484285283,0
20211015,1,0.5083873161383193,0
20211018,0,0.3625792110636239,0
20211019,0,0.466194675246635,0
20211020,0,0.39090523919830644,0
20211021,0,0.401816335859865,0
20211022,0,0.38991192432765354,0
20211025,0,0.49023385640436307,0
20211026,0,0.4351777306804812,0
20211027,1,0.5370998663798018,0
20211028,0,0.4645721772916635,0
20211029,0,0.3987842658146021,0
20211101,0,0.44556188980272643,0
20211102,0,0.43150812236900726,0
20211104,1,0.5845421627411662,0
20211105,0,0.4610764860785847,0
20211108,0,0.3216432991775828,0
20211109,0,0.42730625735897143,0
20211110,1,0.5375775898748046,0
20211111,0,0.42086472311403117,0
20211112,0,0.38602714014814754,0
20211115,0,0.3305099322207474,0
20211116,0,0.2674242994230391,0
20211117,0,0.3709973326674295,0
20211118,1,0.5376012034170237,0
20211119,0,0.369854402929108,1
20211122,1,0.5681571140617381,1
20211124,0,0.47740766750630514,1
20211125,0,0.43689451049704037,1
20211126,0,0.4790145319577551,1
20211129,1,0.5367580264400587,0
20211130,0,0.49998940454615437,0
20211201,1,0.5672384538946722,0
20211202,1,0.5494442112174364,0
20211203,1,0.5410597672024314,0
20211206,0,0.4307422683960582,0
20211207,0,0.3953267738679283,0
20211208,0,0.43218747545607794,0
20211209,1,0.5442969524124398,0
20211210,1,0.5717680074732555,0
20211213,1,0.5793667031358908,0
20211214,1,0.562712212081431,0
20211215,0,0.43849525215214197,0
20211216,1,0.5902106207651836,1
20211217,1,0.513469265073397,0
20211220,1,0.5109736011858598,0
20211221,0,0.4930257512908099,0
20211222,0,0.3120155976482855,0
20211223,0,0.3919945550764443,0
20211224,0,0.4874392986991822,0
20211227,1,0.5433208823340852,0
20211228,0,0.4506876873340247,0
20211229,1,0.6236137360937124,0
20211230,1,0.5157262417246762,0
20220104,1,0.521600977522236,0
20220105,0,0.4850186791927985,0
20220106,0,0.4117582401568632,0
20220107,1,0.531882398561159,0
20220111,1,0.5145469764238684,0
20220112,0,0.4946644947432661,1
20220113,1,0.6151296134156983,1
20220114,1,0.5367049707703311,1
20220117,1,0.5310181964918477,1
20220118,1,0.5875306065784839,1
20220119,0,0.47889922662898965,1
20220120,1,0.6386619386324882,0
20220121,1,0.6387074408702501,0
20220124,1,0.5743309173009916,0
20220125,1,0.5145736911784151,0
20220126,1,0.5254560993984194,0
20220127,0,0.39455379143686936,0
20220128,1,0.5014942604977433,0
20220131,1,0.6149124272905337,0
20220201,1,0.5957880716223385,0
20220202,1,0.5472123084229755,0
20220203,1,0.6105343875691226,0
20220204,1,0.618287919678207,0
20220207,1,0.5266796276133254,0
20220208,1,0.5065939733210174,0
20220209,1,0.5357785171157098,1
20220210,1,0.5180616823376245,1
20220214,0,0.4765948372801765,0
20220215,0,0.4515748600724899,0
20220216,1,0.5242076056049376,0
20220217,0,0.4760174278231983,0
20220218,0,0.49711196761032694,0
20220221,0,0.41182842002996684,0
20220222,1,0.5504172568589476,0
20220224,1,0.5023660926518098,0
20220225,1,0.6040998450570917,0
20220228,1,0.5285963473191587,0
20220301,0,0.397555277500191,1
20220302,1,0.5744133755996581,0
20220303,1,0.510628386282363,1
20220304,1,0.5794321934759141,1
20220307,1,0.5122663713803423,0
20220308,1,0.512838352353661,0
20220309,0,0.4670348600535256,0
20220310,1,0.5177466028049262,0
20220311,1,0.6035773849322366,0
20220314,0,0.496232870929006,0
20220315,0,0.4114611906696909,0
20220316,1,0.5096482608471831,0
20220317,1,0.6302942341354132,0
20220318,1,0.5359911584172529,0
20220322,1,0.5135679438800249,0
20220323,0,0.4732689589640434,0
20220324,1,0.5271846812274428,0
20220325,0,0.4562426585493228,0
20220328,1,0.5655375601201454,0
20220329,0,0.39360133405548636,0
20220330,0,0.3933658134709447,0
20220331,1,0.682092744093769,0
20220401,1,0.630755672359188,0
20220404,0,0.4710424028845226,0
20220405,0,0.46827792347757125,1
20220406,1,0.5299763615565533,0
20220407,1,0.5460549305737584,0
20220408,0,0.3980149516813574,0
20220411,0,0.4999876879366377,0
20220412,1,0.5399095293361978,0
20220413,1,0.6173255955950094,0
20220414,0,0.3814528061249409,0
20220415,0,0.4715099422807534,0
20220418,1,0.5445950178369121,1
20220419,0,0.4927902504399794,1
20220420,0,0.44229010216130704,1
20220421,0,0.4891686145669614,1
20220422,0,0.4028723612000378,1
20220425,0,0.47635686879287886,0
20220426,1,0.5155905930770386,1
20220427,1,0.5252596853515615,0
20220428,1,0.5068285521081161,1
20220502,1,0.5164596576158462,0
20220506,0,0.39314834120552433,0
20220509,0,0.4765594958213614,0
20220510,1,0.5146841042525206,0
20220511,0,0.4488532417243722,0
20220512,0,0.4353164011594547,0
20220513,1,0.6619749976491032,0
20220516,0,0.46208830493638,0
20220517,0,0.4802772209519522,0
20220518,0,0.4652428592945206,0
20220519,0,0.4656045904270765,0
20220520,0,0.3845177859024533,0
20220523,0,0.4196278184677357,0
20220524,0,0.30276950938677966,0
20220525,0,0.475563909774436,0
20220526,0,0.4871130993602145,0
20220527,0,0.34343811928619655,0
20220530,1,0.5643520898364717,0
20220531,1,0.5634588915433096,0
20220601,0,0.3691692950194349,0
20220602,0,0.49252512324431097,0
20220603,0,0.449409467108889,0
20220606,0,0.4472154050807341,1
20220607,0,0.4093012525769395,1
20220608,1,0.5405256012988989,1
20220609,0,0.4687396808492874,1
20220610,0,0.39629788405417943,1
20220613,0,0.4312756140936262,1
20220614,1,0.5072910061921339,0
20220615,0,0.48527271021595847,1
20220616,0,0.4754162209608404,1
20220617,1,0.5280557662247244,0
20220620,0,0.41764178720379586,0
20220621,0,0.4053884426558599,0
20220622,1,0.5151072303313289,0
20220623,1,0.6041758068961578,0
20220624,0,0.4908561793765971,0
20220627,0,0.4959244427636061,0
20220628,0,0.40290846605476544,0
20220629,1,0.5427923868516522,0
20220630,0,0.37156494517256466,0
20220701,1,0.5036743277749881,0
20220704,1,0.5039941672480218,0
20220705,0,0.4813436570963057,0
20220706,1,0.5458987250089378,0
20220707,0,0.40843018797651937,0
20220708,0,0.3281989226948129,0
20220711,0,0.46045010049448365,0
20220712,0,0.397928410584746,0
20220713,0,0.4639248905240422,0
20220714,0,0.4444265804999341,0
20220715,1,0.5093330151678128,0
20220719,0,0.3870376622105848,0
20220720,0,0.41452294250548655,0
20220721,1,0.5215016347054457,0
20220722,0,0.37692251797128906,0
20220725,0,0.3284458072261096,0
20220726,0,0.4412268173481404,0
20220727,0,0.4916989658590808,0
20220728,0,0.42915075975072725,0
20220729,0,0.46169681543506974,0
20220801,1,0.5908241071600324,0
20220802,1,0.5367444863192561,0
20220803,0,0.4416520108427297,0
20220804,0,0.3757267118242889,0
20220805,1,0.512596221687156,0
20220808,1,0.5105550076554202,0
20220809,0,0.43648994689607096,0
20220810,1,0.5304162521918799,0
20220812,0,0.44962194964431024,0
20220815,0,0.37488567395622574,0
20220816,0,0.4777162542635801,0
20220817,0,0.4664953950149946,0
20220818,0,0.44568760538256,0
20220819,0,0.44598626550844667,0
20220822,0,0.392553263708071,0
20220823,0,0.36663078502162266,0
20220824,0,0.4262144189290104,0
20220825,0,0.39768449300239994,0
20220826,1,0.5298208932686258,0
20220829,0,0.402377272640166,0
20220830,1,0.5424084032364791,0
20220831,1,0.5918828641017364,0
20220901,1,0.5680297428589217,0
20220902,0,0.4173160966442028,0
20220905,1,0.5242116611167281,0
20220906,1,0.5130940212709367,0
20220907,0,0.42583651650927334,0
20220908,0,0.4652064325304852,0
20220909,0,0.4000174185809951,0
20220912,0,0.48345424865008974,0
20220913,0,0.4837541744750841,0
20220914,0,0.430296391621301,0
20220915,1,0.5319787471381011,1
20220916,1,0.5137838828653439,0
20220920,0,0.4131730520228241,1
20220921,0,0.4469798195251852,0
20220922,0,0.47288702533961785,0
20220926,0,0.4518530586232061,1
20220927,0,0.43870164522208566,0
20220928,1,0.5638856312354393,0
20220929,1,0.5099930704171071,0
20220930,1,0.5355251728404041,0
20221003,0,0.4693039143589162,0
20221004,0,0.45553320694211535,0
20221005,0,0.4463054933872701,0
20221006,0,0.4750457614283093,0
20221007,0,0.43957228635260664,0
20221011,1,0.5461127421311904,0
20221012,0,0.440617229967955,0
20221013,0,0.47939625748671033,0
20221014,1,0.5093139616201474,0
20221017,1,0.5284841982573298,0
20221018,0,0.4399655364629161,0
20221019,0,0.46184554282710316,0
20221020,0,0.4618129569578778,0
20221021,0,0.37923467866309585,0
20221024,0,0.4844422453152102,0
20221025,0,0.49867728610699813,0
20221026,0,0.4682794712737512,0
20221027,0,0.45710661885095,0
20221028,1,0.5057811668692058,0
20221031,0,0.3921474041573109,0
20221101,1,0.5408560822465484,0
20221102,0,0.4489986468138011,0
20221104,1,0.5273651982020403,0
20221107,0,0.47296904479779434,0
20221108,0,0.44319424047836037,0
20221109,0,0.44207172625159763,0
20221110,0,0.4736296828813873,0
20221111,1,0.5178250848342003,0
20221114,0,0.4932298949182719,0
20221115,1,0.5409002737924531,0
20221116,0,0.4468226895125345,0
20221117,1,0.5386447175270264,0
20221118,1,0.5208765093978992,0
20221121,0,0.46593690355391426,0
20221122,0,0.4387568425460735,0
20221124,1,0.5042204942545229,0
20221125,0,0.4468654925579662,0
20221128,1,0.5515114693029004,0
20221129,0,0.44614608988915083,0
20221130,0,0.4460928022581879,0
20221201,0,0.48785972370422737,0
20221202,1,0.5182251556513171,0
20221205,1,0.5286336226707914,0
20221206,1,0.5369282190245906,0
20221207,0,0.49368451189443463,0
20221208,0,0.4605894604061282,0
20221209,0,0.45982204218568756,0
20221212,0,0.4610211603370485,0
20221213,1,0.5306868262663648,0
20221214,0,0.46957892121723754,0
20221215,1,0.5108209804457808,1
20221216,1,0.5224535166690805,0
20221219,1,0.5518571162930108,0
20221220,0,0.4948345713168581,0
20221221,0,0.4473649738804452,0
20221222,0,0.4510091679857893,0
20221223,1,0.5086808365240618,0
20221226,0,0.46910113776129675,0
20221227,1,0.5421910376653574,0
20221228,0,0.49799019531445343,0
20221229,0,0.4709653393748547,0
20221230,0,0.49670168760930167,0
